symbol,shortName,longName,marketCap,regularMarketPrice,currency,mcap_cr
HDFCBANK.NS,HDFC BANK LTD,HDFC Bank Limited,11121347002368,721.3,INR,1112134.7
BHARTIARTL.NS,BHARTI AIRTEL LIMITED,Bharti Airtel Limited,11096077369344,1778.6,INR,1109607.7
ICICIBANK.NS,ICICI BANK LTD.,ICICI Bank Limited,9367107665920,1304.9,INR,936710.8
SBIN.NS,STATE BANK OF INDIA,State Bank of India,8914007490560,965.7,INR,891400.7
BAJFINANCE.NS,BAJAJ FINANCE LIMITED,Bajaj Finance Limited,6085919375360,978.3,INR,608591.9
LT.NS,LARSEN & TOUBRO LTD.,Larsen & Toubro Limited,5242187415552,3810.1,INR,524218.7
LICI.NS,LIFE INSURA CORP OF INDIA,Life Insurance Corporation of India,5084032794624,401.9,INR,508403.3
HINDUNILVR.NS,HINDUSTAN UNILEVER LTD.,Hindustan Unilever Limited,4479730581504,1906.6,INR,447973.1
SUNPHARMA.NS,SUN PHARMACEUTICAL IND L,Sun Pharmaceutical Industries Limited,4425573203968,1844.5,INR,442557.3
TITAN.NS,TITAN COMPANY LIMITED,Titan Company Limited,4289267761152,4834.0,INR,428926.8
ADANIPORTS.NS,ADANI PORT & SEZ LTD,Adani Ports and Special Economic Zone Limited,4036305879040,1751.9,INR,403630.6
INFY.NS,INFOSYS LIMITED,Infosys Limited,4023611555840,993.4,INR,402361.2
KOTAKBANK.NS,KOTAK MAHINDRA BANK LTD,Kotak Mahindra Bank Limited,3954780143616,397.55,INR,395478.0
ADANIENT.NS,ADANI ENTERPRISES LIMITED,Adani Enterprises Limited,4037687115776,2837.5,INR,403768.7
ADANIPOWER.NS,ADANI POWER LTD,Adani Power Limited,3835918811136,198.91,INR,383591.9
AXISBANK.NS,AXIS BANK LIMITED,Axis Bank Limited,3771472019456,1211.3,INR,377147.2
MARUTI.NS,MARUTI SUZUKI INDIA LTD.,Maruti Suzuki India Limited,3762769887232,11968.0,INR,376277.0
M&M.NS,MAHINDRA & MAHINDRA LTD,Mahindra & Mahindra Limited,3592560312320,2991.9,INR,359256.0
HCLTECH.NS,HCL TECHNOLOGIES LTD,HCL Technologies Limited,3367867514880,1244.7,INR,336786.8
ITC.NS,ITC LTD,ITC Limited,3343141830656,266.8,INR,334314.2
ULTRACEMCO.NS,ULTRATECH CEMENT LIMITED,UltraTech Cement Limited,3237042716672,11004.0,INR,323704.3
HAL.NS,HINDUSTAN AERONAUTICS LTD,Hindustan Aeronautics Limited,3175945338880,4748.9,INR,317594.5
NTPC.NS,NTPC LTD,NTPC Limited,3129114361856,322.7,INR,312911.4
JSWSTEEL.NS,JSW STEEL LIMITED,JSW Steel Limited,3095648534528,1268.2,INR,309564.9
ETERNAL.NS,ETERNAL LIMITED,Eternal Limited,3049286533120,331.25,INR,304928.7
BAJAJ-AUTO.NS,BAJAJ AUTO LIMITED,Bajaj Auto Limited,3039330566144,11060.0,INR,303933.1
ONGC.NS,OIL AND NATURAL GAS CORP.,Oil and Natural Gas Corporation Limited,2919882817536,232.1,INR,291988.3
BEL.NS,BHARAT ELECTRONICS LTD,Bharat Electronics Limited,2813533880320,384.9,INR,281353.4
BAJAJFINSV.NS,BAJAJ FINSERV LTD.,Bajaj Finserv Ltd.,2809709723648,1755.8,INR,280971.0
COALINDIA.NS,COAL INDIA LTD,Coal India Limited,2625322352640,426.0,INR,262532.2
NESTLEIND.NS,NESTLE INDIA LIMITED,Nestlé India Limited,2610937724928,1354.0,INR,261093.8
DIVISLAB.NS,DIVI S LABORATORIES LTD,Divi's Laboratories Limited,2548365524992,9599.5,INR,254836.6
DMART.NS,AVENUE SUPERMARTS LIMITED,Avenue Supermarts Limited,2485056962560,3810.0,INR,248505.7
POWERGRID.NS,POWER GRID CORP. LTD.,Power Grid Corporation of India Limited,2473960669184,266.0,INR,247396.1
HINDZINC.NS,HINDUSTAN ZINC LIMITED,Hindustan Zinc Limited,2450684903424,580.0,INR,245068.5
TATASTEEL.NS,TATA STEEL LIMITED,Tata Steel Limited,2337811464192,187.41,INR,233781.1
ASIANPAINT.NS,ASIAN PAINTS LIMITED,Asian Paints Limited,2325766995968,2426.1,INR,232576.7
SHRIRAMFIN.NS,SHRIRAM FINANCE LIMITED,Shriram Finance Limited,2294454157312,975.1,INR,229445.4
HINDALCO.NS,HINDALCO  INDUSTRIES  LTD,Hindalco Industries Limited,2140144926720,964.1,INR,214014.5
GRASIM.NS,GRASIM INDUSTRIES LTD,Grasim Industries Limited,2136292589568,3149.7,INR,213629.3
ADANIGREEN.NS,ADANI GREEN ENERGY LTD,Adani Green Energy Limited,2066382585856,1254.5,INR,206638.3
EICHERMOT.NS,EICHER MOTORS LTD,Eicher Motors Limited,1986988081152,7238.0,INR,198698.8
INDIGO.NS,INTERGLOBE AVIATION LTD,InterGlobe Aviation Limited,1878232924160,4857.5,INR,187823.3
TORNTPHARM.NS,TORRENT PHARMACEUTICALS L,Torrent Pharmaceuticals Limited,1865894592512,4905.5,INR,186589.5
SOLARINDS.NS,SOLAR INDUSTRIES (I) LTD,Solar Industries India Limited,1753697222656,19380.0,INR,175369.7
SBILIFE.NS,SBI LIFE INSURANCE CO LTD,SBI Life Insurance Company Limited,1742713913344,1736.8,INR,174271.4
MOTHERSON.NS,SAMVRDHNA MTHRSN INTL LTD,Samvardhana Motherson International Limited,1715432194048,162.89,INR,171543.2
HYUNDAI.NS,HYUNDAI MOTOR INDIA LTD,Hyundai Motor India Limited,1676272336896,2063.0,INR,167627.2
DLF.NS,DLF LIMITED,DLF Limited,1652394295296,667.55,INR,165239.4
VAML.NS,VEDANTA ALUMINIUM METAL L,Vedanta Aluminium Metal Limited,1641307045888,420.4,INR,164130.7
ADANIENSOL.NS,ADANI ENERGY SOLUTION LTD,Adani Energy Solutions Limited,1600113737728,1308.4,INR,160011.4
WIPRO.NS,WIPRO LTD,Wipro Limited,1596686204928,161.39,INR,159668.6
TMCV.NS,TATA MOTORS LIMITED,Tata Motors Limited,1592990498816,432.55,INR,159299.0
ICICIAMC.NS,ICICI PRUDENTIAL AMC LTD,ICICI Prudential Asset Management Company Limited,1549006274560,3134.0,INR,154900.6
PIDILITIND.NS,PIDILITE INDUSTRIES LTD,Pidilite Industries Limited,1522921242624,1495.2,INR,152292.1
IDEA.NS,VODAFONE IDEA LIMITED,Vodafone Idea Limited,1497300729856,13.82,INR,149730.1
ABB.NS,ABB INDIA LIMITED,ABB India Limited,1474458419200,6958.0,INR,147445.8
JIOFIN.NS,JIO FIN SERVICES LTD,Jio Financial Services Limited,1475141828608,223.4,INR,147514.2
VBL.NS,VARUN BEVERAGES LIMITED,Varun Beverages Limited,1454472691712,430.0,INR,145447.3
BHEL.NS,BHEL,Bharat Heavy Electricals Limited,1428516503552,410.25,INR,142851.7
TRENT.NS,TRENT LTD,Trent Limited,1403413987328,2631.9,INR,140341.4
CHOLAFIN.NS,CHOLAMANDALAM IN & FIN CO,Cholamandalam Investment and Finance Company Limited,1394775162880,1633.1,INR,139477.5
TATACAP.NS,TATA CAPITAL LIMITED,Tata Capital Limited,1387291869184,329.0,INR,138729.2
CGPOWER.NS,CG POWER AND IND SOL LTD,CG Power and Industrial Solutions Limited,1376407912448,873.65,INR,137640.8
TECHM.NS,TECH MAHINDRA LIMITED,Tech Mahindra Limited,1358032142336,1532.9,INR,135803.2
POWERINDIA.NS,HITACHI ENERGY INDIA LTD,Hitachi Energy India Limited,1355891343360,30420.0,INR,135589.1
SIEMENS.NS,SIEMENS LTD,Siemens Limited,1357567098880,3812.1,INR,135756.7
CUMMINSIND.NS,CUMMINS INDIA LTD,Cummins India Limited,1348855136256,4866.0,INR,134885.5
UNIONBANK.NS,UNION BANK OF INDIA,Union Bank of India,1332903936000,174.61,INR,133290.4
PNB.NS,PUNJAB NATIONAL BANK,Punjab National Bank,1308356509696,113.84,INR,130835.7
BPCL.NS,BHARAT PETROLEUM CORP  LT,Bharat Petroleum Corporation Limited,1304847450112,305.4,INR,130484.7
BSE.NS,BSE LIMITED,BSE Limited,1280646840320,3153.3,INR,128064.7
APOLLOHOSP.NS,APOLLO HOSPITALS ENTER. L,Apollo Hospitals Enterprise Limited,1275657453568,8872.0,INR,127565.7
POLYCAB.NS,POLYCAB INDIA LIMITED,Polycab India Limited,1237241036800,8213.5,INR,123724.1
ZYDUSLIFE.NS,ZYDUS LIFESCIENCES LTD,Zydus Lifesciences Limited,1220944723968,1224.0,INR,122094.5
LTM.NS,LTM LIMITED,LTM Limited,1211340554240,4086.0,INR,121134.1
BAJAJHLDNG.NS,BAJAJ HOLDINGS & INVS LTD,Bajaj Holdings & Investment Limited,1209537921024,10868.0,INR,120953.8
BANKBARODA.NS,BANK OF BARODA,Bank of Baroda Limited,1190757793792,230.26,INR,119075.8
LGEINDIA.NS,LG ELECTRONICS INDIA LTD,LG Electronics India Limited,1175022862336,1731.1,INR,117502.3
BRITANNIA.NS,BRITANNIA INDUSTRIES LTD,Britannia Industries Limited,1175316856832,4879.5,INR,117531.7
JINDALSTEL.NS,JINDAL STEEL LIMITED,Jindal Steel Limited,1169602641920,1149.5,INR,116960.3
TATAPOWER.NS,TATA POWER CO LTD,The Tata Power Company Limited,1160067940352,363.05,INR,116006.8
HDFCLIFE.NS,HDFC LIFE INS CO LTD,HDFC Life Insurance Company Limited,1155313041408,531.9,INR,115531.3
ENRIN.NS,SIEMENS ENERGY INDIA LTD,Siemens Energy India Limited,1155254976512,3244.0,INR,115525.5
LENSKART.NS,LENSKART SOLUTIONS LTD,Lenskart Solutions Limited,1145607421952,661.65,INR,114560.7
GROWW.NS,BILLIONBRAINS GARAGE VN L,Billionbrains Garage Ventures Limited,1135101870080,183.33,INR,113510.2
GAIL.NS,GAIL (INDIA) LTD,GAIL (India) Limited,1134201143296,172.5,INR,113420.1
LODHA.NS,LODHA DEVELOPERS LIMITED,Lodha Developers Limited,1132219858944,1133.1,INR,113222.0
CIPLA.NS,CIPLA LTD,Cipla Limited,1121889812480,1388.7,INR,112189.0
MUTHOOTFIN.NS,MUTHOOT FINANCE LIMITED,Muthoot Finance Limited,1114797637632,2776.8,INR,111479.8
CANBK.NS,CANARA BANK,Canara Bank,1104261021696,121.74,INR,110426.1
INDIANB.NS,INDIAN BANK,Indian Bank,1100402262016,816.95,INR,110040.2
PFC.NS,POWER FIN CORP LTD.,Power Finance Corporation Limited,1094808698880,331.75,INR,109480.9
LAURUSLABS.NS,LAURUS LABS LIMITED,Laurus Labs Limited,1084676702208,2007.5,INR,108467.7
GVT&D.NS,GE VERNOVA T&D INDIA LTD,GE Vernova T&D India Limited,1077290139648,4207.4,INR,107729.0
SBIFUNDS.NS,SBI FUNDS MANAGEMENT LTD,SBI Funds Management Limited,1066381082624,523.55,INR,106638.1
HEROMOTOCO.NS,HERO MOTOCORP LIMITED,Hero MotoCorp Limited,1065251569664,5322.5,INR,106525.2
PAYTM.NS,ONE 97 COMMUNICATIONS LTD,One97 Communications Limited,1052656795648,1646.3,INR,105265.7
ABCAPITAL.NS,ADITYA BIRLA CAPITAL LTD.,Aditya Birla Capital Limited,1049670909952,383.4,INR,104967.1
MARICO.NS,MARICO LIMITED,Marico Limited,1048193990656,807.55,INR,104819.4
TMPV.NS,TATA MOTORS PASS VEH LTD,Tata Motors Passenger Vehicles Limited,1047811260416,284.5,INR,104781.1
INDHOTEL.NS,THE INDIAN HOTELS CO. LTD,The Indian Hotels Company Limited,1036782338048,716.7,INR,103678.2
IRFC.NS,INDIAN RAILWAY FIN CORP L,Indian Railway Finance Corporation Limited,1032542683136,79.01,INR,103254.3
LLOYDSME.NS,LLOYDS METALS N ENERGY L,Lloyds Metals and Energy Limited,1027379167232,1825.7,INR,102737.9
VEDL.NS,VEDANTA LIMITED,Vedanta Limited,1023253282816,262.05,INR,102325.3
DRREDDY.NS,DR. REDDY S LABORATORIES,Dr. Reddy's Laboratories Limited,1015163191296,1218.7,INR,101516.3
GMRAIRPORT.NS,GMR AIRPORTS LIMITED,GMR Airports Limited,1012711424000,95.91,INR,101271.1
MEESHO.NS,MEESHO LIMITED,Meesho Limited,1010230427648,218.32,INR,101023.0
MANKIND.NS,MANKIND PHARMA LIMITED,Mankind Pharma Limited,1010597429248,2446.7,INR,101059.7
UNITDSPR.NS,UNITED SPIRITS LIMITED,United Spirits Limited,1007994667008,1419.6,INR,100799.5
HDFCAMC.NS,HDFC AMC LIMITED,HDFC Asset Management Company Limited,994034319360,2316.7,INR,99403.4
INDIAMART.NS,INDIAMART INTERMESH LTD,IndiaMART InterMESH Limited,976777576448,1624.1,INR,97677.8
AUROPHARMA.NS,AUROBINDO PHARMA LTD,Aurobindo Pharma Limited,974517567488,1693.7,INR,97451.8
INDUSTOWER.NS,INDUS TOWERS LIMITED,Indus Towers Limited,971677237248,368.45,INR,97167.7
MAXHEALTH.NS,MAX HEALTHCARE INS LTD,Max Healthcare Institute Limited,969611673600,996.2,INR,96961.2
BHARATFORG.NS,BHARAT FORGE LTD,Bharat Forge Limited,965662081024,1976.1,INR,96566.2
TATACONSUM.NS,TATA CONSUMER PRODUCT LTD,Tata Consumer Products Limited,949904408576,959.8,INR,94990.4
LUPIN.NS,LUPIN LIMITED,Lupin Limited,943617867776,2063.5,INR,94361.8
MANIPALHOS.NS,MANIPAL HEALTH ENTERPRI L,Manipal Health Enterprises Limited,936680030208,712.1,INR,93668.0
AMBUJACEM.NS,AMBUJA CEMENTS LTD,Ambuja Cements Limited,933918539776,375.85,INR,93391.9
NYKAA.NS,FSN E COMMERCE VENTURES,FSN E-Commerce Ventures Limited,932215848960,325.35,INR,93221.6
OFSS.NS,ORACLE FIN SERV SOFT LTD.,Oracle Financial Services Software Limited,934604636160,10730.0,INR,93460.5
JSWENERGY.NS,JSW ENERGY LIMITED,JSW Energy Limited,916186464256,500.0,INR,91618.6
IDBI.NS,IDBI BANK LIMITED,IDBI Bank Limited,908900564992,84.53,INR,90890.1
GODREJCP.NS,GODREJ CONSUMER PRODUCTS,Godrej Consumer Products Limited,883009847296,862.9,INR,88301.0
MAZDOCK.NS,MAZAGON DOCK SHIPBUIL LTD,Mazagon Dock Shipbuilders Limited,870131040256,2157.1,INR,87013.1
PERSISTENT.NS,PERSISTENT SYSTEMS LTD,Persistent Systems Limited,828883795968,5305.5,INR,82888.4
JSWINFRA.NS,JSW INFRASTRUCTURE LTD,JSW Infrastructure Limited,827207319552,357.3,INR,82720.7
DIXON.NS,DIXON TECHNO (INDIA) LTD,Dixon Technologies (India) Limited,823561617408,13545.0,INR,82356.2
NAUKRI.NS,INFO EDGE (I) LTD,Info Edge (India) Limited,808765161472,1248.6,INR,80876.5
SHREECEM.NS,SHREE CEMENT LIMITED,Shree Cement Limited,799910199296,22170.0,INR,79991.0
FEDERALBNK.NS,FEDERAL BANK LTD,The Federal Bank Limited,798270291968,323.15,INR,79827.0
COFORGE.NS,COFORGE LIMITED,Coforge Limited,787279642624,1777.0,INR,78728.0
NTPCGREEN.NS,NTPC GREEN ENERGY LIMITED,NTPC Green Energy Limited,770756378624,91.47,INR,77075.6
ICICIGI.NS,ICICI LOMBARD GIC LIMITED,ICICI Lombard General Insurance Company Limited,765160062976,1531.5,INR,76516.0
SAIL.NS,STEEL AUTHORITY OF INDIA,Steel Authority of India Limited,761462325248,184.35,INR,76146.2
OIL.NS,OIL INDIA LTD,Oil India Limited,757348564992,465.6,INR,75734.9
NHPC.NS,NHPC LTD,NHPC Limited,755386548224,75.2,INR,75538.7
AUBANK.NS,AU SMALL FINANCE BANK LTD,AU Small Finance Bank Limited,749340917760,999.9,INR,74934.1
SRF.NS,SRF LTD,SRF Limited,740155523072,2497.1,INR,74015.6
HINDPETRO.NS,HINDUSTAN PETROLEUM CORP,Hindustan Petroleum Corporation Limited,735694618624,345.75,INR,73569.5
APARINDS.NS,APAR INDUSTRIES LTD.,APAR Industries Limited,731007221760,17458.0,INR,73100.7
WELCORP.NS,WELSPUN CORP LIMITED,Welspun Corp Limited,726530719744,2755.1,INR,72653.1
BHARTIHEXA.NS,BHARTI HEXACOM LIMITED,Bharti Hexacom Limited,724650033152,1449.3,INR,72465.0
NAM-INDIA.NS,NIPPON L I A M LTD,Nippon Life India Asset Management Limited,712494678016,1113.2,INR,71249.5
WAAREEENER.NS,WAAREE ENERGIES LIMITED,Waaree Energies Limited,707938680832,2461.1,INR,70793.9
IDFCFIRSTB.NS,IDFC FIRST BANK LIMITED,IDFC First Bank Limited,701898031104,81.4,INR,70189.8
LTF.NS,L&T FINANCE LIMITED,L&T Finance Limited,699773681664,279.2,INR,69977.4
PHOENIXLTD.NS,THE PHOENIX MILLS LTD,The Phoenix Mills Limited,698044121088,1951.6,INR,69804.4
NMDC.NS,NMDC LTD.,NMDC Limited,694729375744,79.02,INR,69472.9
INDUSINDBK.NS,INDUSIND BANK LIMITED,IndusInd Bank Limited,694919168000,891.9,INR,69491.9
UNOMINDA.NS,UNO MINDA LIMITED,Uno Minda Limited,689149378560,1193.4,INR,68914.9
BAJAJHFL.NS,BAJAJ HOUSING FINANCE LTD,Bajaj Housing Finance Limited,687197913088,82.51,INR,68719.8
DABUR.NS,DABUR INDIA LTD,Dabur India Limited,681376874496,384.1,INR,68137.7
HAVELLS.NS,HAVELLS INDIA LIMITED,Havells India Limited,678331416576,1080.9,INR,67833.1
SWIGGY.NS,SWIGGY LIMITED,Swiggy Limited,678056427520,258.8,INR,67805.6
YESBANK.NS,YES BANK LIMITED,Yes Bank Limited,677062180864,21.57,INR,67706.2
OBEROIRLTY.NS,OBEROI REALTY LIMITED,Oberoi Realty Limited,668373614592,1838.2,INR,66837.4
GLENMARK.NS,GLENMARK PHARMACEUTICALS,Glenmark Pharmaceuticals Limited,661619343360,2344.3,INR,66161.9
ATGL.NS,ADANI TOTAL GAS LIMITED,Adani Total Gas Limited,660435959808,600.5,INR,66043.6
ICICIPRULI.NS,ICICI PRU LIFE INS CO LTD,ICICI Life Insurance Limited,655971123200,452.15,INR,65597.1
ASTERDM.NS,ASTER DM QUALITY CARE LTD,Aster DM Quality Care Limited,649962586112,745.65,INR,64996.3
NATIONALUM.NS,NATIONAL ALUMINIUM CO LTD,National Aluminium Company Limited,638045847552,347.4,INR,63804.6
RBLBANK.NS,RBL BANK LIMITED,RBL Bank Limited,631828840448,407.2,INR,63182.9
MAHABANK.NS,BANK OF MAHARASHTRA,Bank of Maharashtra,630169075712,81.93,INR,63016.9
PRESTIGE.NS,PRESTIGE ESTATE LTD,Prestige Estates Projects Limited,630804447232,1464.5,INR,63080.4
ALKEM.NS,ALKEM LABORATORIES LTD.,Alkem Laboratories Limited,624069509120,5219.5,INR,62407.0
SCHAEFFLER.NS,SCHAEFFLER INDIA LIMITED,Schaeffler India Limited,623682846720,3990.2,INR,62368.3
TORNTPOWER.NS,TORRENT POWER LTD,Torrent Power Limited,623278292992,1236.9,INR,62327.8
FORTIS.NS,FORTIS HEALTHCARE LTD,Fortis Healthcare Limited,620764332032,822.25,INR,62076.4
JSL.NS,JINDAL STAINLESS LIMITED,Jindal Stainless Limited,616685240320,748.45,INR,61668.5
INDOMIM.NS,INDO-MIM LIMITED,INDO-MIM Limited,615060078592,1243.85,INR,61506.0
MOTILALOFS.NS,MOTILAL OSWAL FIN LTD,Motilal Oswal Financial Services Limited,612504240128,1015.8,INR,61250.4
IOB.NS,INDIAN OVERSEAS BANK,Indian Overseas Bank,608508248064,31.6,INR,60850.8
APLAPOLLO.NS,APL APOLLO TUBES LTD,APL Apollo Tubes Limited,606350409728,2183.8,INR,60635.0
RADICO.NS,RADICO KHAITAN LTD,Radico Khaitan Limited,605710974976,4520.6,INR,60571.1
BANKINDIA.NS,BANK OF INDIA,Bank of India,603638202368,132.59,INR,60363.8
ATHERENERG.NS,ATHER ENERGY LIMITED,Ather Energy Limited,586137534464,1479.7,INR,58613.8
KIRLOSIND.NS,KIRLOSKAR INDUSTRIES LTD,Kirloskar Industries Limited,584718024704,3540.5,INR,58471.8
KALYANKJIL.NS,KALYAN JEWELLERS IND LTD,Kalyan Jewellers India Limited,583297728512,564.8,INR,58329.8
GICRE.NS,GENERAL INS CORP OF INDIA,General Insurance Corporation of India,583425720320,332.55,INR,58342.6
ABBOTINDIA.NS,ABBOTT INDIA LIMITED,Abbott India Limited,572881174528,26960.0,INR,57288.1
COROMANDEL.NS,COROMANDEL INTERNTL. LTD,Coromandel International Limited,566107963392,1922.0,INR,56610.8
SBICARD.NS,SBI CARDS & PAY SER LTD,SBI Cards and Payment Services Limited,566323183616,595.1,INR,56632.3
SUZLON.NS,SUZLON ENERGY LIMITED,Suzlon Energy Limited,547794911232,39.85,INR,54779.5
POLICYBZR.NS,PB FINTECH LIMITED,PB Fintech Limited,542274191360,1173.5,INR,54227.4
BERGEPAINT.NS,BERGER PAINTS (I) LTD,Berger Paints India Limited,534437396480,458.35,INR,53443.7
HDBFS.NS,HDB FINANCIAL SERVICES L,HDB Financial Services Limited,533773287424,644.3,INR,53377.3
LINDEINDIA.NS,LINDE INDIA LIMITED,Linde India Limited,532941111296,6249.0,INR,53294.1
MRF.NS,MRF LTD,MRF Limited,523781144576,123500.0,INR,52378.1
SONACOMS.NS,SONA BLW PRECISION FRGS L,Sona BLW Precision Forgings Limited,513439268864,822.65,INR,51343.9
GODREJPROP.NS,GODREJ PROPERTIES LTD,Godrej Properties Limited,504614617088,1675.2,INR,50461.5
COLPAL.NS,COLGATE PALMOLIVE LTD.,Colgate-Palmolive (India) Limited,500698349568,1840.9,INR,50069.8
PIRAMALFIN.NS,PIRAMAL FINANCE LIMITED,Piramal Finance Limited,497961435136,2108.7,INR,49796.1
FACT.NS,FACT LTD,The Fertilisers and Chemicals Travancore Limited,494071808000,763.55,INR,49407.2
MFSL.NS,MAX FINANCIAL SERV LTD,Max Financial Services Limited,493972586496,1438.9,INR,49397.3
IPCALAB.NS,IPCA LABORATORIES LTD,Ipca Laboratories Limited,489091006464,1927.8,INR,48909.1
ANTHEM.NS,ANTHEM BIOSCIENCES LTD,Anthem Biosciences Limited,486921633792,866.85,INR,48692.2
FLUOROCHEM.NS,GUJARAT FLUOROCHEM LTD,Gujarat Fluorochemicals Limited,486349864960,4427.4,INR,48635.0
SUNDARMFIN.NS,SUNDARAM FINANCE LTD,Sundaram Finance Limited,485045436416,4400.8,INR,48504.5
GLAXO.NS,GLAXOSMITHKLINE PHARMA LT,GlaxoSmithKline Pharmaceuticals Limited,478995546112,2827.5,INR,47899.6
TIINDIA.NS,TUBE INVEST OF INDIA LTD,Tube Investments of India Limited,479517343744,2477.2,INR,47951.7
GLAND.NS,GLAND PHARMA LIMITED,Gland Pharma Limited,479505022976,2905.9,INR,47950.5
VMM.NS,VISHAL MEGA MART LIMITED,Vishal Mega Mart Limited,477569417216,101.94,INR,47756.9
AEGISLOG.NS,AEGIS LOGISTICS LIMITED,Aegis Logistics Limited,472972492800,1347.5,INR,47297.2
TATACOMM.NS,TATA COMMUNICATIONS LTD,Tata Communications Limited,468281655296,1642.6,INR,46828.2
AIIL.NS,AUTHUM INVEST & INFRA LTD,Authum Investment & Infrastructure Limited,467923238912,551.0,INR,46792.3
HINDCOPPER.NS,HINDUSTAN COPPER LTD,Hindustan Copper Limited,465863802880,481.75,INR,46586.4
UPL.NS,UPL LIMITED,UPL Limited,462116847616,546.7,INR,46211.7
M&MFIN.NS,M&M FIN. SERVICES LTD,Mahindra & Mahindra Financial Services Limited,460243533824,331.2,INR,46024.4
CPPLUS.NS,ADITYA INFOTECH LIMITED,Aditya Infotech Limited,458784178176,3741.3,INR,45878.4
SUPREMEIND.NS,SUPREME INDUSTRIES LTD,The Supreme Industries Limited,446984781824,3517.3,INR,44698.5
AJANTPHARM.NS,AJANTA PHARMA LIMITED,Ajanta Pharma Limited,440967888896,3528.9,INR,44096.8
PETRONET.NS,PETRONET LNG LIMITED,Petronet LNG Limited,438675046400,292.45,INR,43867.5
KEI.NS,KEI INDUSTRIES LTD.,KEI Industries Limited,438089711616,4582.5,INR,43809.0
NAVINFLUOR.NS,NAVIN FLUORINE INT. LTD,Navin Fluorine International Limited,434169249792,8462.0,INR,43416.9
PATANJALI.NS,PATANJALI FOODS LIMITED,Patanjali Foods Limited,430745976832,395.95,INR,43074.6
360ONE.NS,360 ONE WAM LIMITED,360 One Wam Limited,430186299392,1054.6,INR,43018.6
RVNL.NS,RAIL VIKAS NIGAM LIMITED,Rail Vikas Nigam Limited,426574282752,204.59,INR,42657.4
MPHASIS.NS,MPHASIS LIMITED,Mphasis Limited,422201851904,2212.6,INR,42220.2
PAGEIND.NS,PAGE INDUSTRIES LTD,Page Industries Limited,417266434048,37410.0,INR,41726.6
BALKRISIND.NS,BALKRISHNA IND. LTD,Balkrishna Industries Limited,417255784448,2158.4,INR,41725.6
STLTECH.NS,STERLITE TECHNOLOGIES LTD,Sterlite Technologies Limited,416386514944,810.0,INR,41638.7
BDL.NS,BHARAT DYNAMICS LIMITED,Bharat Dynamics Limited,411466399744,1122.5,INR,41146.6
PREMIERENE.NS,PREMIER ENERGIES LIMITED,Premier Energies Limited,406256746496,899.9,INR,40625.7
POONAWALLA.NS,POONAWALLA FINCORP LTD,Poonawalla Fincorp Limited,396122587136,452.25,INR,39612.3
MEDANTA.NS,GLOBAL HEALTH LIMITED,Global Health Limited,388947968000,1447.4,INR,38894.8
JKCEMENT.NS,JK CEMENT LIMITED,J.K. Cement Limited,385529937920,4989.5,INR,38553.0
THERMAX.NS,THERMAX LTD,Thermax Limited,380639870976,3379.0,INR,38064.0
3MINDIA.NS,3M INDIA LIMITED,3M India Limited,379351236608,33675.0,INR,37935.1
PWL.NS,PHYSICSWALLAH LIMITED,Physicswallah Limited,378335395840,130.42,INR,37833.5
KPRMILL.NS,KPR MILL LTD.,K.P.R. Mill Limited,377836634112,1103.1,INR,37783.7
VOLTAS.NS,VOLTAS LTD,Voltas Limited,372774731776,1126.6,INR,37277.5
ENDURANCE.NS,ENDURANCE TECHNO. LTD.,Endurance Technologies Limited,370548146176,2634.3,INR,37054.8
NH.NS,NARAYANA HRUDAYALAYA LTD.,Narayana Hrudayalaya Limited,370758746112,1825.5,INR,37075.9
ASTRAL.NS,ASTRAL LIMITED,Astral Limited,368964173824,1373.4,INR,36896.4
EMCURE.NS,EMCURE PHARMACEUTICALS L,Emcure Pharmaceuticals Limited,366539931648,1932.1,INR,36654.0
GODREJIND.NS,GODREJ INDUSTRIES LTD,Godrej Industries Limited,365416022016,1084.8,INR,36541.6
IRCTC.NS,INDIAN RAIL TOUR CORP LTD,Indian Railway Catering & Tourism Corporation Limited,363400003584,454.25,INR,36340.0
WOCKPHARMA.NS,WOCKHARDT LIMITED,Wockhardt Limited,358733971456,2207.7,INR,35873.4
PIIND.NS,PI INDUSTRIES LTD,PI Industries Limited,357874794496,2359.0,INR,35787.5
NLCINDIA.NS,NLC INDIA LIMITED,NLC India Limited,357890949120,258.1,INR,35789.1
ANANDRATHI.NS,ANAND RATHI WEALTH LTD,Anand Rathi Wealth Limited,356158504960,2145.0,INR,35615.9
COCHINSHIP.NS,COCHIN SHIPYARD LIMITED,Cochin Shipyard Limited,355027517440,1349.5,INR,35502.8
CUPID.NS,CUPID LIMITED,Cupid Limited,353309622272,262.75,INR,35331.0
EXIDEIND.NS,EXIDE INDUSTRIES LTD,Exide Industries Limited,352792477696,415.05,INR,35279.2
CONCOR.NS,CONTAINER CORP OF IND LTD,Container Corporation of India Limited,345622216704,453.8,INR,34562.2
HUDCO.NS,HSG & URBAN DEV CORPN LTD,Housing and Urban Development Corporation Limited,339862585344,169.77,INR,33986.3
SYRMA.NS,SYRMA SGS TECHNOLOGY LTD,Syrma SGS Technology Limited,338653970432,1758.1,INR,33865.4
SAILIFE.NS,SAI LIFE SCIENCES LIMITED,Sai Life Sciences Limited,337957355520,1591.0,INR,33795.7
HSCL.NS,HIMADRI SPECIALITY CHEM L,Himadri Speciality Chemical Limited,338518835200,670.9,INR,33851.9
LTTS.NS,L&T TECHNOLOGY SER. LTD.,L&T Technology Services Limited,335975219200,3167.0,INR,33597.5
CRISIL.NS,CRISIL LTD,CRISIL Limited,335966601216,4594.1,INR,33596.7
ITCHOTELS.NS,ITC HOTELS LIMITED,ITC Hotels Limited,332665389056,159.7,INR,33266.5
AEGISVOPAK.NS,AEGIS VOPAK TERMINALS LTD,Aegis Vopak Terminals Limited,331289460736,299.0,INR,33128.9
TATAINVEST.NS,TATA INVESTMENT CORP LTD,Tata Investment Corporation Limited,329223602176,650.7,INR,32922.4
STARHEALTH.NS,STAR HEALTH & AL INS CO L,Star Health and Allied Insurance Company Limited,328593965056,558.45,INR,32859.4
PTCIL.NS,PTC INDUSTRIES LIMITED,PTC Industries Limited,325113413632,21685.0,INR,32511.3
BLUESTARCO.NS,BLUE STAR LIMITED,Blue Star Limited,323068264448,1571.4,INR,32306.8
UBL.NS,UNITED BREWERIES LTD,United Breweries Limited,323129540608,1222.1,INR,32313.0
LALPATHLAB.NS,DR. LAL PATH LABS LTD.,Dr. Lal PathLabs Limited,322434072576,1931.0,INR,32243.4
KIMS.NS,KRISHNA INST OF MED SCI L,Krishna Institute of Medical Sciences Limited,321115947008,764.55,INR,32111.6
DHOOTTRANS.NS,DHOOT TRANSMISSION LTD,Dhoot Transmission Limited,318624497664,1557.7,INR,31862.4
IREDA.NS,INDIAN RENEWABLE ENERGY,Indian Renewable Energy Development Agency Limited,318707302400,113.45,INR,31870.7
REDINGTON.NS,REDINGTON LIMITED,Redington Limited,314586005504,402.4,INR,31458.6
LICHSGFIN.NS,LIC HOUSING FINANCE LTD,LIC Housing Finance Limited,313920946176,570.7,INR,31392.1
DALBHARAT.NS,DALMIA BHARAT LIMITED,Dalmia Bharat Limited,312887574528,1666.7,INR,31288.8
KARURVYSYA.NS,KARUR VYSYA BANK LTD,The Karur Vysya Bank Limited,311266869248,322.0,INR,31126.7
HFCL.NS,HFCL LIMITED,HFCL Limited,310949576704,203.2,INR,31095.0
ACMESOLAR.NS,ACME SOLAR HOLDINGS LTD,ACME Solar Holdings Limited,309744107520,438.55,INR,30974.4
KIRLOSENG.NS,KIRLOSKAR OIL ENG LTD,Kirloskar Oil Engines Limited,307032326144,2109.9,INR,30703.2
DELHIVERY.NS,DELHIVERY LIMITED,Delhivery Limited,306086772736,408.5,INR,30608.7
ESCORTS.NS,ESCORTS KUBOTA LIMITED,Escorts Kubota Limited,304962928640,2771.7,INR,30496.3
NUVAMA.NS,NUVAMA WEALTH MANAGE LTD,Nuvama Wealth Management Limited,303048589312,1642.4,INR,30304.9
GODFRYPHLP.NS,GODFREY PHILLIPS INDIA LT,Godfrey Phillips India Limited,302932164608,1942.1,INR,30293.2
SHYAMMETL.NS,SHYAM METALICS AND ENGY L,Shyam Metalics and Energy Limited,300537020416,1079.8,INR,30053.7
HEXT.NS,HEXAWARE TECHNOLOGIES LTD,Hexaware Technologies Limited,298584637440,489.65,INR,29858.5
MANAPPURAM.NS,MANAPPURAM FINANCE LTD,Manappuram Finance Limited,298614947840,317.9,INR,29861.5
MRPL.NS,MRPL,Mangalore Refinery and Petrochemicals Limited,298432528384,170.28,INR,29843.3
HONAUT.NS,HONEYWELL AUTOMATION IND,Honeywell Automation India Limited,298111762432,33695.0,INR,29811.2
IKS.NS,INVENTURUS KNOWLEDGE SO L,Inventurus Knowledge Solutions Limited,297266216960,1772.0,INR,29726.6
BANDHANBNK.NS,BANDHAN BANK LIMITED,Bandhan Bank Limited,295436091392,183.37,INR,29543.6
UCOBANK.NS,UCO BANK,UCO Bank,295431995392,23.56,INR,29543.2
TATATECH.NS,TATA TECHNOLOGIES LIMITED,Tata Technologies Limited,286571102208,705.75,INR,28657.1
ABSLAMC.NS,ADIT BIRL SUN LIF AMC LTD,Aditya Birla Sun Life AMC Limited,285989437440,988.3,INR,28598.9
SCHNEIDER.NS,SCHNEIDER ELECTRIC INFRA,Schneider Electric Infrastructure Limited,284988112896,1191.9,INR,28498.8
PNBHOUSING.NS,PNB HOUSING FIN LTD.,PNB Housing Finance Limited,283858993152,1088.4,INR,28385.9
NIACL.NS,THE NEW INDIA ASSU CO LTD,The New India Assurance Company Limited,283340636160,171.93,INR,28334.1
SANSERA.NS,SANSERA ENGINEERING LTD,Sansera Engineering Limited,282040893440,4518.6,INR,28204.1
RRKABEL.NS,R R KABEL LIMITED,R R Kabel Limited,280501649408,2480.0,INR,28050.2
CENTRALBK.NS,CENTRAL BANK OF INDIA,Central Bank of India,278783164416,30.8,INR,27878.3
NEULANDLAB.NS,NEULAND LAB LTD.,Neuland Laboratories Limited,278023700480,21670.0,INR,27802.4
CRAFTSMAN.NS,CRAFTSMAN AUTOMATION LTD,Craftsman Automation Limited,277969305600,10628.0,INR,27796.9
PPLPHARMA.NS,PIRAMAL PHARMA LIMITED,Piramal Pharma Limited,275829096448,208.17,INR,27582.9
CDSL.NS,CENTRAL DEPO SER (I) LTD,Central Depository Services (India) Limited,271804497920,1300.5,INR,27180.4
RUBICON.NS,RUBICON RESEARCH LIMITED,Rubicon Research Limited,271521988608,1640.3,INR,27152.2
NETWEB.NS,NETWEB TECH INDIA LTD,Netweb Technologies India Limited,269059620864,4526.0,INR,26906.0
ZFCVINDIA.NS,ZF COM VE CTR SYS IND LTD,ZF Commercial Vehicle Control Systems India Limited,265030270976,2328.8,INR,26503.0
CHOLAHLDNG.NS,CHOLAMANDALAM FIN HOL LTD,Cholamandalam Financial Holdings Limited,263827324928,1405.0,INR,26382.7
ACUTAAS.NS,ACUTAAS CHEMICALS LIMITED,Acutaas Chemicals Limited,263772372992,3221.8,INR,26377.2
GABRIEL.NS,GABRIEL INDIA LTD,Gabriel India Limited,261523210240,1364.7,INR,26152.3
GRSE.NS,GARDEN REACH SHIP&ENG LTD,Garden Reach Shipbuilders & Engineers Limited,258314764288,2255.0,INR,25831.5
ANGELONE.NS,ANGEL ONE LIMITED,Angel One Limited,256406650880,280.35,INR,25640.7
HATSUN.NS,HATSUN AGRO PRODUCT LTD.,Hatsun Agro Product Limited,256160514048,1150.0,INR,25616.1
IIFL.NS,IIFL FINANCE LIMITED,IIFL Finance Limited,255003607040,599.6,INR,25500.4
TVSHLTD.NS,TVS HOLDINGS LIMITED,TVS Holdings Limited,254115233792,12560.0,INR,25411.5
PFOCUS.NS,PRIME FOCUS LIMITED,Prime Focus Limited,250025345024,321.05,INR,25002.5
APOLLOTYRE.NS,APOLLO TYRES LTD,Apollo Tyres Limited,248319787008,392.55,INR,24832.0
SUNDRMFAST.NS,SUNDRAM FASTENERS LTD,Sundram Fasteners Limited,246900834304,1175.0,INR,24690.1
AMBER.NS,AMBER ENTERPRISES (I) LTD,Amber Enterprises India Limited,245675278336,6966.0,INR,24567.5
KAYNES.NS,KAYNES TECHNOLOGY IND LTD,Kaynes Technology India Limited,243567247360,3623.3,INR,24356.7
MILKYMIST.NS,MILKY MIST DAIRY FOOD L,Milky Mist Dairy Food Limited,244810203136,318.0,INR,24481.0
CGCL.NS,CAPRI GLOBAL CAPITAL LTD,Capri Global Capital Limited,243232522240,252.8,INR,24323.3
URBANCO.NS,URBAN COMPANY LIMITED,Urban Company Limited,242851315712,164.92,INR,24285.1
CARBORUNIV.NS,CARBORUNDUM UNIVERSAL LTD,Carborundum Universal Limited,241008345088,1265.1,INR,24100.8
ASAHIINDIA.NS,ASAHI INDIA GLASS LIMITED,Asahi India Glass Limited,240740499456,944.35,INR,24074.0
DATAPATTNS.NS,DATA PATTERNS INDIA LTD,Data Patterns (India) Limited,240266412032,4291.7,INR,24026.6
BELRISE.NS,BELRISE INDUSTRIES LTD,Belrise Industries Limited,240230875136,248.39,INR,24023.1
SJVN.NS,SJVN LTD,SJVN Limited,239678210048,60.99,INR,23967.8
ITI.NS,ITI LTD,ITI Limited,239316860928,248.55,INR,23931.7
GODIGIT.NS,GO DIGIT GENERAL INS LTD,Go Digit General Insurance Limited,239121661952,258.65,INR,23912.2
JYOTICNC.NS,JYOTI CNC AUTOMATION LTD,Jyoti CNC Automation Limited,237645758464,1044.95,INR,23764.6
KPIL.NS,KALPATARU PROJECT INT LTD,Kalpataru Projects International Limited,237083525120,1388.3,INR,23708.4
TIMKEN.NS,TIMKEN INDIA LTD.,Timken India Limited,236788580352,3148.0,INR,23678.9
METROBRAND.NS,METRO BRANDS LIMITED,Metro Brands Limited,236692275200,868.3,INR,23669.2
AWL.NS,AWL AGRI BUSINESS LIMITED,AWL Agri Business Limited,234723246080,181.7,INR,23472.3
GRANULES.NS,GRANULES INDIA LIMITED,Granules India Limited,234508828672,859.7,INR,23450.9
ACC.NS,ACC LIMITED,ACC Limited,228781228032,1218.3,INR,22878.1
MSUMI.NS,MOTHERSON SUMI WRNG IND L,Motherson Sumi Wiring India Limited,228924981248,34.52,INR,22892.5
GILLETTE.NS,GILLETTE INDIA LTD,Gillette India Limited,227786948608,6990.5,INR,22778.7
AETHER.NS,AETHER INDUSTRIES LIMITED,Aether Industries Limited,227495526400,1714.0,INR,22749.6
PGHH.NS,P&G HYGIENE & HEALTH CARE,Procter & Gamble Hygiene and Health Care Limited,226283798528,6971.0,INR,22628.4
TDPOWERSYS.NS,TD POWER SYSTEMS LTD.,TD Power Systems Limited,225100349440,717.55,INR,22510.0
FORCEMOT.NS,FORCE MOTORS LIMITED,Force Motors Limited,225195491328,17091.0,INR,22519.5
HBLENGINE.NS,HBL ENGINEERING LTD,HBL Engineering Limited,222837014528,803.9,INR,22283.7
GUJENERGY.NS,GUJARAT ENERGY LIMITED,Gujarat Energy Limited,220981510144,235.53,INR,22098.2
EMMVEE.NS,EMMVEE PHOTOVOLTAIC PWR L,Emmvee Photovoltaic Power Limited,219854159872,317.55,INR,21985.4
NBCC.NS,NBCC (INDIA) LIMITED,NBCC (India) Limited,219024015360,81.12,INR,21902.4
SHRIPISTON.NS,SPR AUTO TECHNOLOGIES LTD,SPR Auto Technologies Limited,219170488320,4724.9,INR,21917.0
FINCABLES.NS,FINOLEX CABLES LTD,Finolex Cables Limited,217969147904,1425.2,INR,21796.9
AFFLE.NS,AFFLE 3I LIMITED,Affle 3i Limited,217767706624,1547.3,INR,21776.8
SUMICHEM.NS,SUMITOMO CHEM INDIA LTD,Sumitomo Chemical India Limited,217802244096,436.35,INR,21780.2
ANANTRAJ.NS,ANANT RAJ LIMITED,Anant Raj Limited,217311674368,603.85,INR,21731.2
GESHIP.NS,THE GE SHPG.LTD,The Great Eastern Shipping Company Limited,216790908928,1537.9,INR,21679.1
GRINDWELL.NS,GRINDWELL NORTON LIMITED,Grindwell Norton Limited,216845123584,1958.5,INR,21684.5
CAPLIPOINT.NS,CAPLIN POINT LAB LTD.,Caplin Point Laboratories Limited,215781998592,2838.8,INR,21578.2
MTARTECH.NS,MTAR TECHNOLOGIES LIMITED,MTAR Technologies Limited,216486002688,7038.0,INR,21648.6
CEMPRO.NS,CEMINDIA PROJECTS LIMITED,Cemindia Projects Limited,214081683456,1246.2,INR,21408.2
DEEPAKNTR.NS,DEEPAK NITRITE LTD,Deepak Nitrite Limited,213482373120,1565.2,INR,21348.2
CHENNPETRO.NS,CHENNAI PETROLEUM CORP LT,Chennai Petroleum Corporation Limited,212630585344,1427.9,INR,21263.1
CUB.NS,CITY UNION BANK LTD,City Union Bank Limited,212018577408,213.99,INR,21201.9
WELSPUNLIV.NS,WELSPUN LIVING LIMITED,Welspun Living Limited,211608600576,224.77,INR,21160.9
IRB.NS,IRB INFRA DEV LTD.,IRB Infrastructure Developers Limited,207620833280,17.19,INR,20762.1
DIACABS.NS,DIAMOND POWER INFRA LTD,Diamond Power Infrastructure Limited,205138362368,343.0,INR,20513.8
SUNTV.NS,SUN TV NETWORK LIMITED,Sun TV Network Limited,205712162816,522.0,INR,20571.2
ABDL.NS,ALLIED BLEND N DISTILS L,Allied Blenders and Distillers Limited,205698842624,735.4,INR,20569.9
TENNIND.NS,TENNECO CLEAN AIR INDIA L,Tenneco Clean Air India Limited,205434601472,509.0,INR,20543.5
KIOCL.NS,KIOCL LIMITED,KIOCL Limited,204872908800,337.1,INR,20487.3
SAGILITY.NS,SAGILITY LIMITED,Sagility Limited,204480430080,43.68,INR,20448.0
CREDITACC.NS,CREDITACCESS GRAMEEN LTD,CreditAccess Grameen Limited,202728308736,1265.0,INR,20272.8
RAMCOCEM.NS,THE RAMCO CEMENTS LIMITED,The Ramco Cements Limited,201970909184,854.75,INR,20197.1
IGL.NS,INDRAPRASTHA GAS LTD,Indraprastha Gas Limited,201460219904,143.9,INR,20146.0
CASTROLIND.NS,CASTROL INDIA LIMITED,Castrol India Limited,199674134528,201.87,INR,19967.4
PINELABS.NS,PINE LABS LIMITED,Pine Labs Limited,199529037824,172.79,INR,19952.9
SHILPAMED.NS,SHILPA MEDICARE LTD,Shilpa Medicare Limited,198906707968,1017.0,INR,19890.7
LALITHAA.NS,LALITHAA JEWELLERY MART L,Lalithaa Jewellery Mart Limited,198137282560,354.0,INR,19813.7
TATAELXSI.NS,TATA ELXSI LIMITED,Tata Elxsi Limited,198056542208,3179.1,INR,19805.7
ESDS.NS,ESDS SOFTWARE SOLUTION L,,196035346432,1672.5,INR,19603.5
RATNAMANI.NS,RATNAMANI MET & TUB LTD.,Ratnamani Metals & Tubes Limited,194358099968,2772.9,INR,19435.8
HAPPYFORGE.NS,HAPPY FORGINGS LIMITED,Happy Forgings Limited,193050345472,2045.0,INR,19305.0
IFCI.NS,IFCI LTD,IFCI Limited,192400982016,71.41,INR,19240.1
AADHARHFC.NS,AADHAR HOUSING FINANCE L,Aadhar Housing Finance Limited,191468208128,436.75,INR,19146.8
BRIGADE.NS,BRIGADE ENTER. LTD,Brigade Enterprises Limited,191408373760,586.85,INR,19140.8
KAJARIACER.NS,KAJARIA CERAMICS LTD,Kajaria Ceramics Limited,187943092224,1196.0,INR,18794.3
ELGIEQUIP.NS,ELGI EQUIPMENTS LTD,Elgi Equipments Limited,187505623040,594.8,INR,18750.6
INOXINDIA.NS,INOX INDIA LIMITED,INOX India Limited,187345715200,2060.5,INR,18734.6
ONESOURCE.NS,ONESOURCE SPECL PHARMA L,OneSource Specialty Pharma Limited,182101983232,1588.0,INR,18210.2
PFIZER.NS,PFIZER LTD,Pfizer Limited,181856387072,3975.2,INR,18185.6
CESC.NS,CESC LTD,CESC Limited,181536866304,136.95,INR,18153.7
EIHOTEL.NS,EIH LIMITED,EIH Limited,181355610112,290.0,INR,18135.6
LMW.NS,LMW LIMITED,LMW Limited,181012758528,16944.0,INR,18101.3
THELEELA.NS,LEELA PALACES HOTEL LTD,Leela Palaces Hotels & Resorts Limited,180520927232,540.55,INR,18052.1
TBOTEK.NS,TBO TEK LIMITED,TBO Tek Limited,179471843328,1680.7,INR,17947.2
JINDALSAW.NS,JINDAL SAW LIMITED,Jindal Saw Limited,178087575552,279.3,INR,17808.8
FSL.NS,FIRSTSOURCE SOLU. LTD.,Firstsource Solutions Limited,177536630784,257.1,INR,17753.7
ATUL.NS,ATUL LTD,Atul Ltd,176827187200,6006.0,INR,17682.7
AZAD.NS,AZAD ENGINEERING LIMITED,Azad Engineering Limited,176773152768,2737.2,INR,17677.3
TRITURBINE.NS,TRIVENI TURBINE LIMITED,Triveni Turbine Limited,176387063808,554.85,INR,17638.7
ENGINERSIN.NS,ENGINEERS INDIA LTD,Engineers India Limited,175947350016,313.05,INR,17594.7
AARTIIND.NS,AARTI INDUSTRIES LTD,Aarti Industries Limited,174605565952,481.35,INR,17460.6
COHANCE.NS,COHANCE LIFESCIENCES LTD,Cohance Lifesciences Limited,174464385024,456.0,INR,17446.4
CAMS.NS,COMPUTER AGE MNGT SER LTD,Computer Age Management Services Limited,173718978560,699.3,INR,17371.9
SARDAEN.NS,SARDA ENERGY & MIN LTD,Sarda Energy & Minerals Limited,173195395072,491.5,INR,17319.5
ERIS.NS,ERIS LIFESCIENCES LIMITED,Eris Lifesciences Limited,171522506752,1236.3,INR,17152.3
ECLERX.NS,ECLERX SERVICES LTD,eClerx Services Limited,171470700544,1863.3,INR,17147.1
DEEPAKFERT.NS,DEEPAK FERTILIZERS & PETR,Deepak Fertilisers And Petrochemicals Corporation Limited,170871193600,1352.2,INR,17087.1
CHOICEIN.NS,CHOICE INTERNATIONAL LTD,Choice International Limited,168641806336,757.0,INR,16864.2
OLAELEC.NS,OLA ELECTRIC MOBILITY LTD,Ola Electric Mobility Limited,168572682240,38.15,INR,16857.3
POLYMED.NS,POLY MEDICURE LIMITED,Poly Medicure Limited,168462745600,1662.0,INR,16846.3
APLLTD.NS,ALEMBIC PHARMA LTD,Alembic Pharmaceuticals Limited,168120434688,855.3,INR,16812.0
JUBLPHARMA.NS,JUBILANT PHARMOVA LTD,Jubilant Pharmova Limited,167811203072,1059.5,INR,16781.1
ALIVUS.NS,ALIVUS LIFE SCIENCES LTD,Alivus Life Sciences Limited,167828570112,1367.0,INR,16782.9
CHAMBLFERT.NS,CHAMBAL FERTILIZERS LTD,Chambal Fertilisers and Chemicals Limited,167272333312,417.5,INR,16727.2
GMDCLTD.NS,GUJARAT MINERAL DEV CORP,Gujarat Mineral Development Corporation Limited,166902284288,524.85,INR,16690.2
AEQUS.NS,AEQUS LIMITED,Aequs Limited,166791348224,254.7,INR,16679.1
EMAMILTD.NS,EMAMI LIMITED,Emami Limited,165710282752,382.1,INR,16571.0
BEML.NS,BEML LIMITED,BEML Limited,165853396992,1991.3,INR,16585.3
TATACHEM.NS,TATA CHEMICALS LTD,Tata Chemicals Limited,165387780096,649.2,INR,16538.8
BAYERCROP.NS,BAYER CROPSCIENCE LTD,Bayer CropScience Limited,164461084672,3659.4,INR,16446.1
ZYDUSWELL.NS,ZYDUS WELLNESS LIMITED,Zydus Wellness Limited,164473176064,516.95,INR,16447.3
SPLPETRO.NS,SUPREME PETROCHEM LIMITED,Supreme Petrochem Limited,163831021568,871.25,INR,16383.1
DEVYANI.NS,DEVYANI INTERNATIONAL LTD,Devyani International Limited,162476802048,131.78,INR,16247.7
SIGMAADV.NS,SIGMA ADVANCED SYSTEM LTD,Sigma Advanced Systems Limited,162140536832,920.0,INR,16214.1
CLEANMAX.NS,CLEAN MAX ENVIRO EN SOL L,Clean Max Enviro Energy Solutions Limited,162737192960,1387.7,INR,16273.7
PARADEEP.NS,PARADEEP PHOSPHATES LTD,Paradeep Phosphates Limited,161666449408,155.67,INR,16166.6
SHADOWFAX.NS,SHADOWFAX TECHNOLOGIES L,Shadowfax Technologies Limited,161174552576,274.6,INR,16117.5
VTL.NS,VARDHMAN TEXTILES LIMITED,Vardhman Textiles Limited,159341969408,550.45,INR,15934.2
SAMMAANCAP.NS,SAMMAAN CAPITAL LIMITED,Sammaan Capital Limited,159230967808,138.62,INR,15923.1
MINDACORP.NS,MINDA CORPORATION LTD,Minda Corporation Limited,159174574080,676.3,INR,15917.5
J&KBANK.NS,J & K BANK LTD.,Jammu and Kashmir Bank Limited,158680399872,144.1,INR,15868.0
TRAVELFOOD.NS,TRAVEL FOOD SERVICES LTD,Travel Food Services Limited,158552686592,1203.8,INR,15855.3
AGARWALEYE.NS,DR AGARWALS HEALTH CARE L,Dr. Agarwal's Health Care Limited,158069260288,498.6,INR,15806.9
ASTRAZEN.NS,ASTRAZENECA PHARMA IND LT,AstraZeneca Pharma India Limited,157912498176,6316.5,INR,15791.2
THANGAMAYL.NS,THANGAMAYIL JEWELLERY LTD,Thangamayil Jewellery Limited,157306109952,5061.0,INR,15730.6
GRAPHITE.NS,GRAPHITE INDIA LTD,Graphite India Limited,156847521792,802.8,INR,15684.8
FINEORG.NS,FINE ORGANIC IND. LTD.,Fine Organic Industries Limited,156289220608,5097.5,INR,15628.9
AVALON.NS,AVALON TECHNOLOGIES LTD,Avalon Technologies Limited,155668545536,2327.5,INR,15566.9
NAVA.NS,NAVA LIMITED,Nava Limited,155566948352,549.1,INR,15556.7
JNPR.NS,JUNIPER GREEN ENERGY LTD,Juniper Green Energy Limited,154824491008,272.1,INR,15482.4
USHAMART.NS,USHA MARTIN LTD.,Usha Martin Limited,154696237056,508.2,INR,15469.6
FIVESTAR.NS,FIVE-STAR BUS FIN LTD,Five-Star Business Finance Limited,154136412160,522.15,INR,15413.6
MARKSANS.NS,MARKSANS PHARMA LIMITED,Marksans Pharma Limited,154053017600,339.95,INR,15405.3
VIJAYA.NS,VIJAYA DIAGNOSTIC CEN LTD,Vijaya Diagnostic Centre Limited,154125778944,1496.4,INR,15412.6
TEGA.NS,TEGA INDUSTRIES LIMITED,Tega Industries Limited,153763856384,2046.7,INR,15376.4
SEDEMAC.NS,SEDEMAC MECHATRONICS LTD,SEDEMAC Mechatronics Limited,153879576576,3484.0,INR,15388.0
GRWRHITECH.NS,GARWARE HI-TECH FILMS LTD,Garware Hi-Tech Films Limited,153508036608,6607.5,INR,15350.8
HONASA.NS,HONASA CONSUMER LIMITED,Honasa Consumer Limited,152579342336,468.0,INR,15257.9
JSWCEMENT.NS,JSW CEMENT LIMITED,JSW Cement Limited,152724013056,113.1,INR,15272.4
KFINTECH.NS,KFIN TECHNOLOGIES LIMITED,KFin Technologies Limited,152300306432,881.0,INR,15230.0
CENTURYPLY.NS,CENTURY PLYBOARDS (I) LTD,Century Plyboards (India) Limited,152332910592,685.65,INR,15233.3
PSB.NS,PUNJAB & SIND BANK,Punjab & Sind Bank,152129355776,21.44,INR,15212.9
BASF.NS,BASF INDIA LTD,BASF India Limited,151988862976,3511.3,INR,15198.9
SYNGENE.NS,SYNGENE INTERNATIONAL LTD,Syngene International Limited,151401562112,376.15,INR,15140.2
ASTRAMICRO.NS,ASTRA MICROWAVE LTD,Astra Microwave Products Limited,151418306560,1594.8,INR,15141.8
NATCOPHARM.NS,NATCO PHARMA LTD.,NATCO Pharma Limited,150518218752,825.3,INR,15051.8
LLOYDSENGG.NS,LLOYDS ENGG WORK LIMITED,Lloyds Engineering Works Limited,148990001152,96.15,INR,14899.0
DCMSHRIRAM.NS,DCM SHRIRAM LIMITED,DCM Shriram Limited,148660617216,960.0,INR,14866.1
CONCORDBIO.NS,CONCORD BIOTECH LIMITED,Concord Biotech Limited,148827013120,1422.6,INR,14882.7
APOLLO.NS,APOLLO MICRO SYSTEMS LTD,Apollo Micro Systems Limited,148100988928,398.55,INR,14810.1
ZENTEC.NS,ZEN TECHNOLOGIES LIMITED,Zen Technologies Limited,147883687936,1644.2,INR,14788.4
MAHSCOOTER.NS,MAHARASHTRA SCOOTERS LTD,Maharashtra Scooters Ltd.,147428524032,12900.0,INR,14742.9
GPIL.NS,GODAWARI POW & ISP LTD,Godawari Power & Ispat Limited,147190644736,226.19,INR,14719.1
PGEL.NS,PG ELECTROPLAST LTD,PG Electroplast Limited,147087409152,513.4,INR,14708.7
BALRAMCHIN.NS,BALRAMPUR CHINI MILLS LTD,Balrampur Chini Mills Limited,146605326336,692.85,INR,14660.5
CIEINDIA.NS,CIE AUTOMOTIVE INDIA LTD,CIE Automotive India Limited,146357993472,385.8,INR,14635.8
INDIACEM.NS,THE INDIA CEMENTS LIMITED,The India Cements Limited,146310037504,314.75,INR,14631.0
NAZARA.NS,NAZARA TECHNOLOGIES LTD,Nazara Technologies Limited,146184486912,380.0,INR,14618.4
MOLBIO.NS,MOLBIO DIAGNOSTICS LTD,Molbio Diagnostics Limited,146101272576,1267.8,INR,14610.1
HORIZONIND.NS,HORIZON INDUSTRIAL PRKS L,Horizon Industrial Parks Limited,145903714304,50.61,INR,14590.4
INDGN.NS,INDEGENE LIMITED,Indegene Limited,145448009728,604.0,INR,14544.8
KANSAINER.NS,KANSAI NEROLAC PAINTS LTD,Kansai Nerolac Paints Limited,144971005952,179.23,INR,14497.1
ACE.NS,ACTION CONST EQUIP LTD,Action Construction Equipment Limited,144595091456,1214.8,INR,14459.5
ARVIND.NS,ARVIND LIMITED,Arvind Limited,144465149952,551.1,INR,14446.5
LTFOODS.NS,LT FOODS LIMITED,LT Foods Limited,143971074048,414.6,INR,14397.1
JSWDULUX.NS,JSW DULUX LIMITED,JSW Dulux Limited,143697903616,3155.4,INR,14369.8
SKFINDUS.NS,SKF IND (INDUSTRIAL) LTD,SKF India (Industrial) Limited,143370092544,2900.0,INR,14337.0
ARE&M.NS,AMARA RAJA ENERGY MOB LTD,Amara Raja Energy & Mobility Limited,142851293184,780.5,INR,14285.1
CARTRADE.NS,CARTRADE TECH LIMITED,CarTrade Tech Limited,142475640832,2930.7,INR,14247.6
TI.NS,TILAKNAGAR INDUSTRIES LTD,Tilaknagar Industries Ltd.,142293401600,574.0,INR,14229.3
BBOX.NS,BLACK BOX LIMITED,Black Box Limited,143677751296,809.0,INR,14367.8
SHAILY.NS,SHAILY ENG PLASTICS LTD,Shaily Engineering Plastics Limited,141895335936,3085.0,INR,14189.5
BIKAJI.NS,BIKAJI FOODS INTERN LTD,Bikaji Foods International Limited,141590855680,564.7,INR,14159.1
PRIVISCL.NS,PRIVI SPECIALITY CHE LTD,Privi Speciality Chemicals Limited,141395263488,3619.7,INR,14139.5
IGIL.NS,INTL GEMOLOGICAL INST LTD,International Gemological Institute Limited,140516720640,325.15,INR,14051.7
CROMPTON.NS,CROMPT GREA CON ELEC LTD,Crompton Greaves Consumer Electricals Limited,140431392768,218.09,INR,14043.1
CANHLIFE.NS,CANARA HSBC LIFE INS CO L,Canara HSBC Life Insurance Company Limited,139393974272,147.12,INR,13939.4
KSB.NS,KSB LIMITED,KSB Limited,139666472960,802.5,INR,13966.6
KPITTECH.NS,KPIT TECHNOLOGIES LIMITED,KPIT Technologies Limited,139108122624,511.0,INR,13910.8
RAINBOW.NS,RAINBOW CHILDRENS MED LTD,Rainbow Children's Medicare Limited,138672209920,1366.9,INR,13867.2
LUMAXTECH.NS,LUMAX AUTO TECH LTD,Lumax Auto Technologies Limited,138660036608,2034.4,INR,13866.0
NIVABUPA.NS,NIVA BUPA HEALTH INS CO L,Niva Bupa Health Insurance Company Limited,138445897728,74.85,INR,13844.6
CCL.NS,CCL PRODUCTS (I) LTD,CCL Products (India) Limited,138504634368,1038.7,INR,13850.5
SWANDEF.NS,SWAN DEFENCE N HEVY IND L,Swan Defence and Heavy Industries Limited,138290642944,2625.0,INR,13829.1
KIRLOSBROS.NS,KIRLOSKAR BROTHERS LTD,Kirloskar Brothers Limited,137845964800,1735.9,INR,13784.6
JBMA.NS,JBM AUTO LIMITED,JBM Auto Limited,136835579904,578.6,INR,13683.6
PCJEWELLER.NS,PC JEWELLER LTD,PC Jeweller Limited,136720130048,13.94,INR,13672.0
TMB.NS,TAMILNAD MERCA BANK LTD,Tamilnad Mercantile Bank Limited,136601886720,862.65,INR,13660.2
ANURAS.NS,ANUPAM RASAYAN INDIA LTD,Anupam Rasayan India Ltd,135913947136,1193.8,INR,13591.4
CEATLTD.NS,CEAT LIMITED,CEAT Limited,133970706432,3312.0,INR,13397.1
VGUARD.NS,V-GUARD IND LTD.,V-Guard Industries Limited,132465369088,303.2,INR,13246.5
INGERRAND.NS,INGERSOLL-RAND INDIA LTD,Ingersoll-Rand (India) Limited,132127866880,4185.5,INR,13212.8
RKFORGE.NS,RAMKRISHNA FORGINGS LTD,Ramkrishna Forgings Limited,131628384256,710.7,INR,13162.8
ABREL.NS,ADITYA BIRLA REAL EST LTD,Aditya Birla Real Estate Limited,131532341248,1189.5,INR,13153.2
VOGL.NS,VEDANTA OIL AND GAS LTD,Vedanta Oil and Gas Limited,130984419328,33.55,INR,13098.4
VENTIVE.NS,VENTIVE HOSPITALITY LTD,Ventive Hospitality Limited,130830016512,560.2,INR,13083.0
MANYAVAR.NS,VEDANT FASHIONS LIMITED,Vedant Fashions Limited,130855395328,538.55,INR,13085.5
PCBL.NS,PCBL CHEMICAL LIMITED,PCBL Chemical Limited,130747613184,332.3,INR,13074.8
PRUDENT.NS,PRUDENT CORP ADV SER LTD,Prudent Corporate Advisory Services Limited,129499389952,3127.5,INR,12949.9
VARROC.NS,VARROC ENGINEERING LTD.,Varroc Engineering Limited,130551750656,854.4,INR,13055.2
GALLANTT.NS,GALLANTT ISPAT LIMITED,Gallantt Ispat Limited,129760886784,537.8,INR,12976.1
SOBHA.NS,SOBHA LIMITED,Sobha Limited,129178845184,1207.8,INR,12917.9
E2E.NS,E2E NETWORKS LIMITED,E2E Networks Limited,129078919168,628.25,INR,12907.9
EDELWEISS.NS,EDELWEISS FIN SERV LTD,Edelweiss Financial Services Limited,129106911232,136.4,INR,12910.7
SUDEEPPHRM.NS,SUDEEP PHARMA LIMITED,Sudeep Pharma Limited,127936897024,1132.7,INR,12793.7
SCI.NS,SHIPPING CORP OF INDIA LT,The Shipping Corporation of India Limited,128141312000,275.1,INR,12814.1
FRACTAL.NS,FRACTAL ANALYTICS LIMITED,Fractal Analytics Limited,127761489920,742.95,INR,12776.1
SOUTHBANK.NS,THE SOUTH INDIAN BANK LTD,The South Indian Bank Limited,127543623680,48.69,INR,12754.4
ASKAUTOLTD.NS,ASK AUTOMOTIVE LIMITED,ASK Automotive Limited,127659679744,647.55,INR,12766.0
INOXWIND.NS,INOX WIND LIMITED,Inox Wind Limited,126921793536,73.44,INR,12692.2
VEDPOWER.NS,VEDANTA POWER LIMITED,Vedanta Power Limited,126806974464,32.48,INR,12680.7
UJJIVANSFB.NS,UJJIVAN SMALL FINANC BANK,Ujjivan Small Finance Bank Limited,126057750528,64.61,INR,12605.8
DOMS.NS,DOMS INDUSTRIES LIMITED,DOMS Industries Limited,125436715008,2066.9,INR,12543.7
GODREJAGRO.NS,GODREJ AGROVET LIMITED,Godrej Agrovet Limited,125452230656,652.0,INR,12545.2
VISL.NS,VEDANTA IRON AND STEEL L,Vedanta Iron and Steel Limited,124819587072,31.92,INR,12482.0
EIDPARRY.NS,EID PARRY INDIA LTD,E.I.D.- Parry (India) Limited,125049470976,702.7,INR,12504.9
UTLSOLAR.NS,FUJIYAMA POWER SYSTEMS L,Fujiyama Power Systems Limited,124786253824,406.6,INR,12478.6
NSLNISP.NS,NMDC STEEL LIMITED,NMDC Steel Limited,124755886080,42.57,INR,12475.6
WABAG.NS,VA TECH WABAG LTD,VA Tech Wabag Limited,124233236480,1988.0,INR,12423.3
SKYGOLD.NS,SKY GOLD AND DIAMONDS LTD,Sky Gold and Diamonds Limited,123992031232,800.6,INR,12399.2
VINATIORGA.NS,VINATI ORGANICS LTD,Vinati Organics Limited,123814461440,1193.5,INR,12381.4
AKUMS.NS,AKUMS DRUGS AND PHARMA L,Akums Drugs and Pharmaceuticals Limited,123867226112,809.05,INR,12386.7
SHREEJISPG.NS,SHREEJI SHIPPING GLOBAL L,Shreeji Shipping Global Limited,123711971328,759.35,INR,12371.2
PGIL.NS,PEARL GLOBAL IND LIMITED,Pearl Global Industries Limited,123855323136,1340.7,INR,12385.5
KTKBANK.NS,KARNATAKA BANK LIMITED,The Karnataka Bank Limited,123060248576,325.4,INR,12306.0
JSWHL.NS,JSW HOLDINGS LIMITED,JSW Holdings Limited,121849749504,10979.0,INR,12185.0
AMAGI.NS,AMAGI MEDIA LABS LIMITED,Amagi Media Labs Limited,121571672064,561.95,INR,12157.2
JMFINANCIL.NS,JM FINANCIAL LIMITED,JM Financial Limited,120707031040,126.13,INR,12070.7
PARKHOSPS.NS,PARK MEDI WORLD LIMITED,Park Medi World Limited,120681488384,279.4,INR,12068.1
ATLANTAELE.NS,ATLANTA ELECTRICALS LTD,Atlanta Electricals Limited,120696938496,1569.6,INR,12069.7
PVRINOX.NS,PVR INOX LIMITED,PVR INOX Limited,120432435200,1226.4,INR,12043.2
BLUESTONE.NS,BLUESTONE JEWEL LFSTL LTD,BlueStone Jewellery and Lifestyle Limited,120297955328,787.4,INR,12029.8
APTUS.NS,APTUS VALUE HSG FIN I LTD,Aptus Value Housing Finance India Limited,119808614400,239.22,INR,11980.9
NUVOCO.NS,NUVOCO VISTAS CORP LTD,Nuvoco Vistas Corporation Limited,118182969344,330.9,INR,11818.3
METROPOLIS.NS,METROPOLIS HEALTHCARE LTD,Metropolis Healthcare Limited,118072385536,569.15,INR,11807.2
LLOYDSENT.NS,LLOYDS ENTERPRISES LTD,Lloyds Enterprises Limited,117987196928,77.29,INR,11798.7
MANORAMA.NS,MANORAMA INDUSTRIES LTD,Manorama Industries Limited,117679079424,1864.3,INR,11767.9
QPOWER.NS,QUALITY POWER ELEC EQUP L,Quality Power Electrical Equipments Limited,117753749504,1520.5,INR,11775.4
TRIDENT.NS,TRIDENT LIMITED,Trident Limited,116739833856,22.91,INR,11674.0
WHIRLPOOL.NS,WHIRLPOOL OF INDIA LTD,Whirlpool of India Limited,115935387648,913.45,INR,11593.5
TECHNOE.NS,TECHNO ELEC & ENG CO. LTD,Techno Electric & Engineering Company Limited,115485483008,993.0,INR,11548.5
UTIAMC.NS,UTI ASSET MNGMT CO LTD,UTI Asset Management Company Limited,114593611776,891.5,INR,11459.4
HOMEFIRST.NS,HOME FIRST FIN CO IND LTD,Home First Finance Company India Limited,113471922176,1085.2,INR,11347.2
BLUEDART.NS,BLUE DART EXPRESS LTD,Blue Dart Express Limited,111893823488,4715.7,INR,11189.4
CYIENT.NS,CYIENT LIMITED,Cyient Limited,111253413888,1068.7,INR,11125.3
BLACKBUCK.NS,BLACKBUCK LIMITED,BlackBuck Limited,110046076928,603.85,INR,11004.6
IIFLCAPS.NS,IIFL CAPITAL SERVICES LTD,IIFL Capital Services Limited,109206396928,346.3,INR,10920.6
ELECON.NS,ELECON ENG. CO. LTD,Elecon Engineering Company Limited,109058367488,486.0,INR,10905.8
SIGNATURE.NS,SIGNATUREGLOBAL INDIA LTD,Signatureglobal (India) Limited,108468928512,771.0,INR,10846.9
VOLTAMP.NS,VOLTAMP TRANSFORMERS LTD,Voltamp Transformers Limited,108253184000,10700.0,INR,10825.3
GRAVITA.NS,GRAVITA INDIA LIMITED,Gravita India Limited,107937021952,1481.9,INR,10793.7
YATHARTH.NS,YATHARTH HOSP & TRA C S L,Yatharth Hospital & Trauma Care Services Limited,106962976768,1110.1,INR,10696.3
JPPOWER.NS,JAIPRAKASH POWER VEN. LTD,Jaiprakash Power Ventures Limited,107119566848,15.63,INR,10712.0
ELANTAS.NS,ELANTAS BECK INDIA LTD.,ELANTAS Beck India Limited,107190190080,13521.0,INR,10719.0
STAR.NS,STRIDES PHARMA SCI LTD,Strides Pharma Science Limited,106920345600,1160.0,INR,10692.0
VIYASH.NS,VIYASH SCIENTIFIC LIMITED,Viyash Scientific Limited,105891700736,240.0,INR,10589.2
PARAS.NS,PARAS DEF AND SPCE TECH L,Paras Defence and Space Technologies Limited,105706397696,1311.7,INR,10570.6
LOTUSDEV.NS,SRI LOTUS DEVLPRS N RTY L,Sri Lotus Developers and Realty Limited,104098152448,213.0,INR,10409.8
KEC.NS,KEC INTL. LIMITED,KEC International Limited,104190681088,391.4,INR,10419.1
MGL.NS,MAHANAGAR GAS LTD.,Mahanagar Gas Limited,103825317888,1051.1,INR,10382.5
HCG.NS,HEALTHCARE GLOB. ENT. LTD,HealthCare Global Enterprises Limited,102794567680,688.5,INR,10279.5
JUBLINGREA.NS,JUBILANT INGREVIA LIMITED,Jubilant Ingrevia Limited,102705012736,651.2,INR,10270.5
AVANTIFEED.NS,AVANTI FEEDS LIMITED,Avanti Feeds Limited,101966233600,748.4,INR,10196.6
WELENT.NS,WELSPUN ENTERPRISES LTD.,Welspun Enterprises Limited,100211826688,738.95,INR,10021.2
AAVAS.NS,AAVAS FINANCIERS LIMITED,Aavas Financiers Limited,99427155968,1253.9,INR,9942.7
IEX.NS,INDIAN ENERGY EXC LTD,Indian Energy Exchange Limited,99334840320,111.7,INR,9933.5
BBTC.NS,BOMBAY BURMAH TRADING COR,The Bombay Burmah Trading Corporation Limited,99104014336,1420.4,INR,9910.4
ZENSARTECH.NS,ZENSAR TECHNOLOGIES  LTD,Zensar Technologies Limited,99009298432,436.55,INR,9900.9
TITAGARH.NS,TITAGARH RAIL SYSTEMS LTD,Titagarh Rail Systems Limited,98961768448,825.5,INR,9896.2
CANFINHOME.NS,CAN FIN HOMES LTD,Can Fin Homes Limited,98794053632,741.95,INR,9879.4
IRCON.NS,IRCON INTERNATIONAL LTD,Ircon International Limited,97879465984,104.07,INR,9787.9
BLUEJET.NS,BLUE JET HEALTHCARE LTD,Blue Jet Healthcare Limited,97661034496,563.0,INR,9766.1
JKTYRE.NS,JK TYRE & INDUSTRIES LTD,JK Tyre & Industries Limited,97672478720,338.8,INR,9767.2
JAINREC.NS,JAIN RESOURCE RECYCLING L,Jain Resource Recycling Limited,97659289600,283.0,INR,9765.9
TSFINV.NS,TSF INVESTMENTS LIMITED,TSF Investments Limited,97457520640,441.6,INR,9745.8
RATEGAIN.NS,RATEGAIN TRAVEL TECHN LTD,RateGain Travel Technologies Limited,97126727680,820.15,INR,9712.7
OLECTRA.NS,OLECTRA GREENTECH LIMITED,Olectra Greentech Limited,96543358976,1176.2,INR,9654.3
SBFC.NS,SBFC FINANCE LIMITED,SBFC Finance Limited,96578404352,87.14,INR,9657.8
KWIL.NS,KWALITY WALL'S (INDIA) L,Kwality Walls (India) Limited,95675359232,40.72,INR,9567.5
JWL.NS,JUPITER WAGONS LIMITED,Jupiter Wagons Limited,95521554432,223.51,INR,9552.2
MAHSEAMLES.NS,MAHARASHTRA SEAMLESS LTD,Maharashtra Seamless Limited,95300263936,711.2,INR,9530.0
SUDARSCHEM.NS,SUDARSHAN CHEMICAL INDS L,Sudarshan Chemical Industries Limited,95508381696,1199.6,INR,9550.8
SMLMAH.NS,SML MAHINDRA LIMITED,SML Mahindra Limited,94796513280,6550.5,INR,9479.7
MAXESTATES.NS,MAX ESTATES LIMITED,Max Estates Limited,94516445184,577.8,INR,9451.6
ABLBL.NS,ADITYA BIRLA LIFES BRAN L,Aditya Birla Lifestyle Brands Limited,94353096704,77.68,INR,9435.3
RITES.NS,RITES LIMITED,RITES Limited,94294458368,196.2,INR,9429.4
SAREGAMA.NS,SAREGAMA INDIA LIMITED,Saregama India Limited,94300094464,491.25,INR,9430.0
FINPIPE.NS,FINOLEX INDUSTRIES LTD,Finolex Industries Limited,93693108224,151.53,INR,9369.3
SGMART.NS,SG MART LIMITED,SG Mart Limited,93219414016,739.4,INR,9321.9
ALKYLAMINE.NS,ALKYL AMINES CHEM. LTD,Alkyl Amines Chemicals Limited,92793102336,1814.2,INR,9279.3
AFCONS.NS,AFCONS INFRASTRUCTURE LTD,Afcons Infrastructure Limited,92755288064,252.2,INR,9275.5
KENNAMET.NS,KENNAMETAL INDIA LIMITED,Kennametal India Limited,92073435136,4189.3,INR,9207.3
SUVEN.NS,SUVEN LIFE SCIENCES LTD,Suven Life Sciences Limited,91522056192,323.9,INR,9152.2
SWANCORP.NS,SWAN CORP LIMITED,Swan Corp Limited,91325669376,291.35,INR,9132.6
BLS.NS,BLS INTL SERVS LTD,BLS International Services Limited,91329126400,221.93,INR,9132.9
GNFC.NS,GUJ NAR VAL FER & CHEM L,Gujarat Narmada Valley Fertilizers & Chemicals Limited,91081179136,619.85,INR,9108.1
KRN.NS,KRN HEAT EXCHANGE N REF L,KRN Heat Exchanger and Refrigeration Limited,90987298816,1390.0,INR,9098.7
TIMETECHNO.NS,TIME TECHNOPLAST LTD.,Time Technoplast Limited,90527793152,183.39,INR,9052.8
SANOFICONR.NS,SANOFI CONS HEALTHC IND L,Sanofi Consumer Healthcare India Limited,90115964928,3907.3,INR,9011.6
FIRSTCRY.NS,BRAINBEES SOLUTIONS LTD,Brainbees Solutions Limited,90025902080,185.53,INR,9002.6
WESTLIFE.NS,WESTLIFE FOODWORLD LTD,Westlife Foodworld Limited,90001858560,579.85,INR,9000.2
SANDUMA.NS,SANDUR MANG & IRON ORES L,The Sandur Manganese & Iron Ores Limited,89336340480,183.78,INR,8933.6
PRECWIRE.NS,PRECISION WIRES INDIA LTD,Precision Wires India Limited,89201147904,487.95,INR,8920.1
WEWORK.NS,WEWORK INDIA MANAGEMENT L,WeWork India Management Limited,89154674688,642.0,INR,8915.5
DYNAMATECH.NS,DYNAMATIC TECHNOLOGIES,Dynamatic Technologies Limited,88838864896,13081.0,INR,8883.9
THYROCARE.NS,THYROCARE TECH LTD,Thyrocare Technologies Limited,88653062144,557.0,INR,8865.3
INTELLECT.NS,INTELLECT DESIGN ARENA,Intellect Design Arena Limited,88672501760,635.55,INR,8867.3
KRBL.NS,KRBL LIMITED,KRBL Limited,88740610048,387.7,INR,8874.1
KIRLPNU.NS,KIRLOSKAR PNEUMATIC COM L,Kirloskar Pneumatic Company Limited,88642273280,682.25,INR,8864.2
PGHL.NS,PROCTER & GAMBLE HEALTH L,Procter & Gamble Health Limited,88350212096,5322.5,INR,8835.0
TEJASNET.NS,TEJAS NETWORKS LIMITED,Tejas Networks Limited,88002945024,494.65,INR,8800.3
PNGJL.NS,P N GADGIL JEWELLERS LTD,P N Gadgil Jewellers Limited,86996729856,591.0,INR,8699.7
SHIPROCKET.NS,SHIPROCKET LIMITED,Shiprocket Limited,86916415488,119.46,INR,8691.6
ICIL.NS,INDO COUNT INDUSTRIES LTD,Indo Count Industries Limited,87064690688,439.6,INR,8706.5
WAAREERTL.NS,WAAREE RENEWABLE TECH LTD,Waaree Renewable Technologies Limited,86519930880,828.9,INR,8652.0
JLHL.NS,JUPITER LIFE LINE HOSP L,Jupiter Life Line Hospitals Limited,86104580096,262.65,INR,8610.5
KINGFA.NS,KINGFA SCI & TEC IND LTD.,Kingfa Science & Technology (India) Limited,86010617856,6347.0,INR,8601.1
JAYNECOIND.NS,JAYASWAL NECO INDUSTR LTD,Jayaswal Neco Industries Limited,85758566400,88.32,INR,8575.9
MMTC.NS,MMTC LIMITED,MMTC Limited,85319999488,56.88,INR,8532.0
ESABINDIA.NS,ESAB INDIA LTD,ESAB India Limited,85169577984,5533.0,INR,8517.0
BANCOINDIA.NS,BANCO PRODUCTS (I) LTD,Banco Products (India) Limited,84906934272,593.6,INR,8490.7
TIPSMUSIC.NS,TIPS MUSIC LIMITED,Tips Music Limited,84891787264,666.75,INR,8489.2
AARTIPHARM.NS,AARTI PHARMALABS LIMITED,Aarti Pharmalabs Limited,84495450112,931.8,INR,8449.5
CLEAN.NS,CLEAN SCIENCE & TECH LTD,Clean Science and Technology Limited,84145135616,791.7,INR,8414.5
UNIMECH.NS,UNIMECH AEROSPACE N MFG L,Unimech Aerospace and Manufacturing Limited,82970255360,1630.0,INR,8297.0
RAILTEL.NS,RAILTEL CORP OF IND LTD,RailTel Corporation of India Limited,82753970176,257.85,INR,8275.4
AXISCADES.NS,AXISCADES TECH LTD,AXISCADES Technologies Limited,82076868608,1929.7,INR,8207.7
GENUSPOWER.NS,GENUS POWER INFRASTRU LTD,Genus Power Infrastructures Limited,82260467712,297.4,INR,8226.0
LEMONTREE.NS,LEMON TREE HOTELS LTD,Lemon Tree Hotels Limited,82241290240,103.86,INR,8224.1
NCC.NS,NCC LIMITED,NCC Limited,82166284288,130.87,INR,8216.6
RELIGARE.NS,RELIGARE ENTER. LTD.,Religare Enterprises Limited,81677762560,236.93,INR,8167.8
TARIL.NS,TRANS & RECTI. LTD,Transformers and Rectifiers (India) Limited,81540046848,271.65,INR,8154.0
SETL.NS,STANDARD ENGNG TCNLGY LTD,Standard Engineering Technology Limited,81731739648,409.7,INR,8173.2
BATAINDIA.NS,BATA INDIA LTD,Bata India Limited,81152286720,631.4,INR,8115.2
RAYMOND.NS,RAYMOND LTD,Raymond Limited,80683630592,1212.35,INR,8068.4
SUNFLAG.NS,SUNFLAG IRON AND STEEL CO,Sunflag Iron and Steel Company Limited,80684253184,447.7,INR,8068.4
RHIM.NS,RHI MAGNESITA INDIA LTD,RHI Magnesita India Limited,80205152256,388.4,INR,8020.5
SUPRIYA.NS,SUPRIYA LIFESCIENCE LTD,Supriya Lifescience Limited,80092463104,995.15,INR,8009.2
HEGAM.NS,HEG ADVANCED MATERIAL LTD,HEG Advanced Materials Limited,78953857024,239.4,INR,7895.4
KIRLFER.NS,KIRLOSKAR FERROUS IND LTD,Kirloskar Ferrous Industries Limited,79041388544,478.6,INR,7904.1
BLISSGVS.NS,BLISS GVS PHARMA LTD,Bliss GVS Pharma Limited,78673920000,739.9,INR,7867.4
AVL.NS,ADITYA VISION LIMITED,Aditya Vision Limited,78367424512,606.85,INR,7836.7
VESUVIUS.NS,VESUVIUS INDIA LTD,Vesuvius India Limited,78332723200,385.95,INR,7833.3
RPEL.NS,RAGHAV PRODUCTIVITY ENH L,Raghav Productivity Enhancers Limited,78329069568,1705.7,INR,7832.9
GALAXYSURF.NS,GALAXY SURFACTANTS LTD,Galaxy Surfactants Limited,77950820352,2198.6,INR,7795.1
MEDPLUS.NS,MEDPLUS HEALTH SERV LTD,MedPlus Health Services Limited,77852803072,648.3,INR,7785.3
GRINFRA.NS,G R INFRAPROJECTS LIMITED,G R Infraprojects Limited,77809983488,804.15,INR,7781.0
GPPL.NS,GUJARAT PIPAVAV PORT LTD,Gujarat Pipavav Port Limited,77820231680,160.91,INR,7782.0
V2RETAIL.NS,V2 RETAIL LIMITED,V2 Retail Limited,77073432576,211.37,INR,7707.3
ENTERO.NS,ENTERO HEALTHCARE SOLU L,Entero Healthcare Solutions Limited,76883509248,1766.5,INR,7688.4
GMRP&UI.NS,GMR POW AND URBAN INFRA L,GMR Power And Urban Infra Limited,76766216192,98.29,INR,7676.6
BSOFT.NS,BIRLASOFT LIMITED,Birlasoft Limited,76469485568,273.45,INR,7646.9
EBGNG.NS,GNG ELECTRONICS LIMITED,GNG Electronics Limited,76695552000,672.7,INR,7669.6
ORKLAINDIA.NS,ORKLA INDIA LIMITED,Orkla India Limited,75981078528,554.65,INR,7598.1
SONATSOFTW.NS,SONATA SOFTWARE LTD,Sonata Software Limited,76076957696,274.85,INR,7607.7
EMIL.NS,ELECTRONICS MART IND LTD,Electronics Mart India Limited,76022505472,197.59,INR,7602.3
MIDHANI.NS,MISHRA DHATU NIGAM LTD,Mishra Dhatu Nigam Limited,75769667584,404.45,INR,7577.0
GARFIBRES.NS,GARWARE TECH FIBRES LTD,Garware Technical Fibres Limited,75452874752,772.7,INR,7545.3
EPL.NS,EPL LIMITED,EPL Limited,75136319488,234.2,INR,7513.6
SKFINDIA.NS,SKF INDIA LTD,SKF India Limited,75076493312,1518.6,INR,7507.6
MAHLIFE.NS,MAHINDRA LIFESPACE DEVLTD,Mahindra Lifespace Developers Limited,75064221696,351.45,INR,7506.4
EQUITASBNK.NS,EQUITAS SMALL FIN BNK LTD,Equitas Small Finance Bank Limited,74860224512,65.43,INR,7486.0
POWERMECH.NS,POWER MECH PROJECTS LTD.,Power Mech Projects Limited,74772529152,2365.0,INR,7477.3
GAEL.NS,GUJARAT AMBUJA EXPORTS LT,Gujarat Ambuja Exports Limited,74836705280,163.16,INR,7483.7
CORDELIA.NS,WATERWAYS LEISURE TOUR L,Waterways Leisure Tourism Limited,74660487168,103.13,INR,7466.0
NESCO.NS,NESCO LTD.,Nesco Limited,74560724992,1058.2,INR,7456.1
STARCEMENT.NS,STAR CEMENT LIMITED,Star Cement Limited,74470244352,184.25,INR,7447.0
INNOVACAP.NS,INNOVA CAPTAB LIMITED,Innova Captab Limited,74197843968,1296.6,INR,7419.8
HNDFDS.NS,HINDUSTAN FOODS LIMITED,Hindustan Foods Limited,73852919808,608.8,INR,7385.3
ZEEL.NS,ZEE ENTERTAINMENT ENT LTD,Zee Entertainment Enterprises Limited,73662234624,76.69,INR,7366.2
SJS.NS,SJS ENTERPRISES LIMITED,S.J.S. Enterprises Limited,73599868928,2282.2,INR,7360.0
KMEW.NS,KNOWLEDGE MARINE & EN W L,Knowledge Marine & Engineering Works Limited,73247072256,2887.8,INR,7324.7
CELLO.NS,CELLO WORLD LIMITED,Cello World Limited,73852911616,334.35,INR,7385.3
JKPAPER.NS,JK PAPER LIMITED,JK Paper Limited,72890146816,402.0,INR,7289.0
MBAPL.NS,MADHYA BHARAT AGRO P. LTD,Madhya Bharat Agro Products Limited,72949424128,166.5,INR,7294.9
CYIENTDLM.NS,CYIENT DLM LIMITED,Cyient DLM Limited,72892235776,918.45,INR,7289.2
RELAXO.NS,RELAXO FOOT LTD.,Relaxo Footwears Limited,72714960896,292.1,INR,7271.5
TIMEX.NS,TIMEX GROUP INDIA LTD.,Timex Group India Limited,72638570496,719.55,INR,7263.9
RAIN.NS,RAIN INDUSTRIES LIMITED,Rain Industries Limited,72546394112,215.69,INR,7254.6
MANINDS.NS,MAN INDUSTRIES (I) LTD.,Man Industries (India) Limited,72421736448,965.5,INR,7242.2
NEOGEN.NS,NEOGEN CHEMICALS LIMITED,Neogen Chemicals Limited,72206974976,2403.5,INR,7220.7
SANOFI.NS,SANOFI INDIA LIMITED,Sanofi India Limited,71602200576,3109.0,INR,7160.2
POWERICA.NS,POWERICA LIMITED,Powerica Limited,71432208384,564.45,INR,7143.2
TTML.NS,TATA TELESERV(MAHARASTRA),Tata Teleservices (Maharashtra) Limited,71296221184,36.47,INR,7129.6
KPIGREEN.NS,KPI GREEN ENERGY LIMITED,KPI Green Energy Limited,71142137856,359.9,INR,7114.2
EUREKAFORB.NS,EUREKA FORBES LIMITED,Eureka Forbes Limited,70774259712,365.5,INR,7077.4
OPTIEMUS.NS,OPTIEMUS INFRACOM LTD,Optiemus Infracom Limited,70717546496,784.3,INR,7071.8
SAFARI.NS,SAFARI IND (INDIA) LTD,Safari Industries (India) Limited,70742310912,1443.8,INR,7074.2
TTKPRESTIG.NS,TTK PRESTIGE LTD,TTK Prestige Limited,70565085184,515.2,INR,7056.5
INDIASHLTR.NS,INDIA SHELTER FIN CORP L,India Shelter Finance Corporation Limited,70306463744,643.85,INR,7030.6
BALAMINES.NS,BALAJI AMINES LIMITED,Balaji Amines Limited,70245367808,2168.0,INR,7024.5
SAPPHIRE.NS,SAPPHIRE FOODS INDIA LTD,Sapphire Foods India Limited,69770002432,216.84,INR,6977.0
PAISALO.NS,PAISALO DIGITAL LIMITED,Paisalo Digital Limited,69895839744,76.46,INR,6989.6
JYOTHYLAB.NS,JYOTHY LABS LIMITED,Jyothy Labs Limited,69785444352,190.04,INR,6978.5
SFL.NS,SHEELA FOAM LIMITED,Sheela Foam Limited,69344100352,635.0,INR,6934.4
CENTUM.NS,CENTUM ELECTRONICS LTD,Centum Electronics Limited,69145280512,4684.0,INR,6914.5
AEROFLEX.NS,AEROFLEX INDUSTRIES LTD,Aeroflex Industries Limited,68342226944,516.45,INR,6834.2
IXIGO.NS,LE TRAVENUES TECHNOLOGY L,Le Travenues Technology Limited,68295704576,154.85,INR,6829.6
MOREPENLAB.NS,MOREPEN LAB. LTD,Morepen Laboratories Limited,67946262528,124.0,INR,6794.6
NEPHROPLUS.NS,NEPHROCARE HEALTH SERV L,Nephrocare Health Services Limited,67977895936,676.0,INR,6797.8
NEWGEN.NS,NEWGEN SOFTWARE TECH LTD,Newgen Software Technologies Limited,67742814208,479.25,INR,6774.3
INOXGREEN.NS,INOX GREEN ENERGY SER LTD,Inox Green Energy Services Limited,67671482368,168.55,INR,6767.1
GMMPFAUDLR.NS,GMM PFAUDLER LIMITED,GMM Pfaudler Limited,67372896256,1498.6,INR,6737.3
ETHOSLTD.NS,ETHOS LIMITED,Ethos Limited,67209973760,2511.8,INR,6721.0
AJAXENGG.NS,AJAX ENGINEERING LIMITED,Ajax Engineering Limited,67159441408,587.0,INR,6715.9
CERA.NS,CERA SANITARYWARE LTD,Cera Sanitaryware Limited,67163484160,5208.5,INR,6716.3
FCL.NS,FINEOTEX CHEMICAL LIMITED,Fineotex Chemical Limited,67156762624,57.67,INR,6715.7
DCBBANK.NS,DCB BANK LIMITED,DCB Bank Limited,67080888320,208.21,INR,6708.1
TIIL.NS,TECHNOCRAFT IND LTD,Technocraft Industries (India) Limited,67027595264,2956.3,INR,6702.8
KSHINTL.NS,KSH INTERNATIONAL LIMITED,KSH International Limited,66840993792,986.5,INR,6684.1
TCI.NS,TRANSPORT CORPN OF INDIA,Transport Corporation of India Limited,66862301184,870.25,INR,6686.2
BORORENEW.NS,BOROSIL RENEWABLES LTD,Borosil Renewables Limited,66549112832,452.15,INR,6654.9
SHARDACROP.NS,SHARDA CROPCHEM LTD.,Sharda Cropchem Limited,66357174272,735.5,INR,6635.7
SUPRAJIT.NS,SUPRAJIT ENGINEERING LTD,Suprajit Engineering Limited,66216472576,482.7,INR,6621.6
SPARC.NS,SUN PHARMA ADV.RES.CO.LTD,Sun Pharma Advanced Research Company Limited,66345197568,204.44,INR,6634.5
KOVAI.NS,KOVAI MEDICAL CENTER & HO,Kovai Medical Center and Hospital Limited,66102206464,6041.0,INR,6610.2
SKIPPER.NS,SKIPPER LIMITED,Skipper Limited,66088902656,541.0,INR,6608.9
RBA.NS,RESTAURANT BRAND ASIA LTD,Restaurant Brands Asia Limited,65917091840,92.57,INR,6591.7
DBL.NS,DILIP BUILDCON LIMITED,Dilip Buildcon Limited,65595219968,403.8,INR,6559.5
BECTORFOOD.NS,MRS BECTORS FOOD SPE LTD,Mrs. Bectors Food Specialities Limited,65539194880,213.69,INR,6553.9
CEIGALL.NS,CEIGALL INDIA LIMITED,Ceigall India Limited,65562001408,376.35,INR,6556.2
IMFA.NS,INDIAN METALS & FERRO,Indian Metals and Ferro Alloys Limited,65462517760,1213.3,INR,6546.3
REDTAPE.NS,REDTAPE LIMITED,REDTAPE Limited,65424781312,118.35,INR,6542.5
TANLA.NS,TANLA PLATFORMS LIMITED,Tanla Platforms Limited,65682026496,497.4,INR,6568.2
BIRLACORPN.NS,BIRLA CORPORATION LTD,Birla Corporation Limited,64954007552,843.5,INR,6495.4
ISGEC.NS,ISGEC HEAVY ENG LTD,Isgec Heavy Engineering Limited,64779501568,881.0,INR,6478.0
SBCL.NS,SHIVALIK BIMETAL CON. LTD,Shivalik Bimetal Controls Limited,64683757568,1122.9,INR,6468.4
TFCILTD.NS,TOURISM FINANCE CORP. OF,Tourism Finance Corporation of India Limited,64775147520,139.91,INR,6477.5
OMNI.NS,OMNITECH ENGINEERING LTD,Omnitech Engineering Limited,64708243456,523.25,INR,6470.8
IBULLSLTD.NS,INDIABULLS LIMITED,Indiabulls Limited,64725917696,28.88,INR,6472.6
GOKULAGRO.NS,GOKUL AGRO RESOURCES LTD,Gokul Agro Resources Limited,64503005184,218.59,INR,6450.3
CAMPUS.NS,CAMPUS ACTIVEWEAR LIMITED,Campus Activewear Limited,63917629440,209.1,INR,6391.8
BAJAJCON.NS,BAJAJ CONSUMER CARE LTD,Bajaj Consumer Care Limited,63402131456,485.4,INR,6340.2
JSLL.NS,JEENA SIKHO LIFECARE LTD,Jeena Sikho Lifecare Limited,62560555008,503.3,INR,6256.1
SENORES.NS,SENORES PHARMACEUTICALS L,Senores Pharmaceuticals Limited,62540771328,1358.0,INR,6254.1
DODLA.NS,DODLA DAIRY LIMITED,Dodla Dairy Limited,62216073216,1031.3,INR,6221.6
JKLAKSHMI.NS,JK LAKSHMI CEMENT LTD,JK Lakshmi Cement Limited,62066008064,499.95,INR,6206.6
SPECTRUM.NS,SPECTRUM ELECTRIC IND LTD,Spectrum Electrical Industries Limited,61617393664,3606.0,INR,6161.7
LCL.NS,LOHIA CORP LIMITED,Lohia Corp Limited,61382651904,581.0,INR,6138.3
TRANSRAILL.NS,TRANSRAIL LIGHTING LTD,Transrail Lighting Limited,61442273280,457.65,INR,6144.2
GSFC.NS,GUJ STATE FERT & CHEM LTD,Gujarat State Fertilizers & Chemicals Limited,61106532352,153.35,INR,6110.7
LEAPIND.NS,LEAP INDIA LIMITED,LEAP India Limited,60626624512,137.62,INR,6062.7
KISSHT.NS,ONEMI TECHNOLOGY SOL LTD,OnEMI Technology Solutions Limited,60519731200,341.4,INR,6052.0
VMART.NS,VMART RETAIL LTD,V-Mart Retail Limited,60182867968,756.3,INR,6018.3
GANESHHOU.NS,GANESH HOUSING LIMITED,Ganesh Housing Limited,60163784704,721.5,INR,6016.4
SSWL.NS,STEEL STRIPS WHEELS LTD.,Steel Strips Wheels Limited,60153901056,382.5,INR,6015.4
BALUFORGE.NS,BALU FORGE INDUSTRIES LTD,Balu Forge Industries Limited,60082925568,494.95,INR,6008.3
STYL.NS,SESHAASAI TECHNOLOGIES L,Seshaasai Technologies Limited,59973328896,370.65,INR,5997.3
WHEELS.NS,WHEELS INDIA LTD,Wheels India Limited,59737960448,2327.6,INR,5973.8
PICCADIL.NS,PICCADILY AGRO INDUSTRI L,Piccadily Agro Industries Limited,59611115520,604.75,INR,5961.1
MARINE.NS,MARINE ELECTRICAL (I) LTD,Marine Electricals (India) Limited,59602325504,425.9,INR,5960.2
SMARTWORKS.NS,SMARTWORKS COWORKING SP L,Smartworks Coworking Spaces Limited,59243675648,517.95,INR,5924.4
RCF.NS,RASHTRIYA CHEMICALS & FER,Rashtriya Chemicals and Fertilizers Limited,59052699648,107.04,INR,5905.3
ABFRL.NS,ADITYA BIRLA FASHION & RT,Aditya Birla Fashion and Retail Limited,58758172672,48.29,INR,5875.8
ACI.NS,ARCHEAN CHEMICAL IND LTD,Archean Chemical Industries Limited,58476064768,473.65,INR,5847.6
IOLCP.NS,IOL CHEM AND PHARMA LTD,IOL Chemicals and Pharmaceuticals Limited,58382622720,198.9,INR,5838.3
JAIBALAJI.NS,JAI BALAJI INDUSTRIES LTD,Jai Balaji Industries Limited,58292871168,63.9,INR,5829.3
RPTECH.NS,RASHI PERIPHERALS LIMITED,Rashi Peripherals Limited,58257760256,877.3,INR,5825.8
VIKRAMSOLR.NS,VIKRAM SOLAR LIMITED,Vikram Solar Limited,58031050752,160.15,INR,5803.1
PRSMJOHNSN.NS,PRISM JOHNSON LIMITED,Prism Johnson Limited,58042044416,115.31,INR,5804.2
HEROMOTORS.NS,HERO MOTORS LIMITED,,57926111232,127.53,INR,5792.6
KALPATARU.NS,KALPATARU LIMITED,Kalpataru Limited,57453608960,279.0,INR,5745.4
PRAJIND.NS,PRAJ INDUSTRIES LTD,Praj Industries Limited,57303732224,311.75,INR,5730.4
KRISHANA.NS,KRISHANA PHOSCHEM LIMITED,Krishana Phoschem Limited,57097785344,184.7,INR,5709.8
SHAKTIPUMP.NS,SHAKTI PUMPS (I) LTD,Shakti Pumps (India) Limited,58145124352,471.2,INR,5814.5
ITDC.NS,INDIA TOUR. DEV. CO. LTD.,India Tourism Development Corporation Limited,56946593792,663.95,INR,5694.7
TVSSCS.NS,TVS SUPPLY CHAIN SOL L,TVS Supply Chain Solutions Limited,56710492160,128.53,INR,5671.0
JUSTDIAL.NS,JUSTDIAL LTD.,Just Dial Limited,56323723264,662.25,INR,5632.4
GREENLAM.NS,GREENLAM INDUSTRIES LTD.,Greenlam Industries Limited,55933476864,219.22,INR,5593.3
FEDFINA.NS,FEDBANK FINANCIAL SER L,Fedbank Financial Services Limited,55956152320,149.16,INR,5595.6
JAMNAAUTO.NS,JAMNA AUTO IND LTD,Jamna Auto Industries Limited,55897919488,139.75,INR,5589.8
STYLAMIND.NS,STYLAM INDUSTRIES LIMITED,Stylam Industries Limited,56045232128,3304.8,INR,5604.5
LGBBROSLTD.NS,LG BALAKRISHNAN & BROS,L.G. Balakrishnan & Bros Limited,55315554304,1734.2,INR,5531.6
ARVINDFASN.NS,ARVIND FASHIONS LIMITED,Arvind Fashions Limited,55257026560,413.2,INR,5525.7
FDC.NS,FDC LIMITED,FDC Limited,55241457664,339.3,INR,5524.1
CSBBANK.NS,CSB BANK LIMITED,CSB Bank Limited,55266639872,326.1,INR,5526.7
GULFOILLUB.NS,GULF OIL LUB. IND. LTD.,Gulf Oil Lubricants India Limited,55046283264,1110.8,INR,5504.6
SHARDAMOTR.NS,SHARDA MOTOR INDS LTD,Sharda Motor Industries Limited,55022415872,958.45,INR,5502.2
NIRLON.NS,NIRLON LTD,Nirlon Limited,54850347008,608.65,INR,5485.0
HCC.NS,HINDUSTAN CONSTRUCTION CO,Hindustan Construction Company Limited,54668300288,20.87,INR,5466.8
CCAVENUE.NS,AVENUESAI LIMITED,AvenuesAI Limited,54443147264,15.64,INR,5444.3
EMUDHRA.NS,EMUDHRA LIMITED,eMudhra Limited,53968232448,657.8,INR,5396.8
SIS.NS,SIS LIMITED,SIS Limited,54144831488,388.3,INR,5414.5
ORCHPHARMA.NS,ORCHID PHARMA LIMITED,Orchid Pharma Limited,53873827840,1062.2,INR,5387.4
GREAVESCOT.NS,GREAVES COTTON LTD.,Greaves Cotton Limited,53916610560,231.45,INR,5391.7
VADILALIND.NS,VADILAL INDUSTRIES LTD,Vadilal Industries Limited,53836845056,7490.0,INR,5383.7
SAATVIKGL.NS,SAATVIK GREEN ENERGY LTD,Saatvik Green Energy Limited,53701865472,422.5,INR,5370.2
TRIVENI.NS,TRIVENI ENGG. & INDS. LTD,Triveni Engineering & Industries Limited,53526171648,242.9,INR,5352.6
SSRETAIL.NS,SS RETAIL LIMITED,,53384761344,717.85,INR,5338.5
INDIGOPNTS.NS,INDIGO PAINTS LIMITED,Indigo Paints Limited,53365088256,1118.0,INR,5336.5
JSFB.NS,JANA SMALL FIN BANK LTD,Jana Small Finance Bank Limited,53302591488,503.7,INR,5330.3
NRBBEARING.NS,NRB BEARING LIMITED,NRB Bearings Limited,53036048384,547.2,INR,5303.6
LUMAXIND.NS,LUMAX INDUSTRIES LTD,Lumax Industries Limited,53039030272,5674.0,INR,5303.9
RAMRAT.NS,RAM RATNA WIRES LIMITED,Ram Ratna Wires Limited,52728221696,564.85,INR,5272.8
DBREALTY.NS,VALOR ESTATE LIMITED,Valor Estate Limited,52846694400,97.43,INR,5284.7
GUJTHEM.NS,GUJARAT THEMIS BIOSYN LTD,Gujarat Themis Biosyn Limited,52685406208,404.8,INR,5268.5
GOODLUCK.NS,GOODLUCK INDIA LIMITED,Goodluck India Limited,52654784512,528.05,INR,5265.5
SENCO.NS,SENCO GOLD LIMITED,Senco Gold Limited,52235239424,318.7,INR,5223.5
AGI.NS,AGI GREENPAC LIMITED,AGI Greenpac Limited,52165496832,806.3,INR,5216.5
MANINFRA.NS,MAN INFRA LTD,Man Infraconstruction Limited,51565412352,129.67,INR,5156.5
ROSSTECH.NS,ROSSELL TECHSYS LIMITED,Rossell Techsys Limited,51349237760,1357.0,INR,5134.9
ELLEN.NS,ELLENBARRIE INDUS GASES L,Ellenbarrie Industrial Gases Limited,51208949760,363.35,INR,5120.9
BANSALWIRE.NS,BANSAL WIRE INDUSTRIES L,Bansal Wire Industries Limited,51193794560,327.0,INR,5119.4
QUESS.NS,QUESS CORP LIMITED,Quess Corp Limited,50948067328,341.05,INR,5094.8
MASFIN.NS,MAS FINANCIAL SERV LTD,MAS Financial Services Limited,50988400640,281.0,INR,5098.8
FIEMIND.NS,FIEM INDUSTRIES LIMITED,Fiem Industries Limited,50852212736,1932.1,INR,5085.2
ROLEXRINGS.NS,ROLEX RINGS LIMITED,Rolex Rings Limited,50761457664,193.5,INR,5076.1
MSTCLTD.NS,MSTC LIMITED,MSTC Limited,50631680000,719.2,INR,5063.2
TEXRAIL.NS,TEXMACO RAIL & ENG. LTD.,Texmaco Rail & Engineering Limited,50565128192,124.28,INR,5056.5
PDSL.NS,PDS LIMITED,PDS Limited,50400571392,356.85,INR,5040.1
VRLLOG.NS,VRL LOGISTICS LIMITED,VRL Logistics Limited,50259394560,287.3,INR,5025.9
PURVA.NS,PURAVANKARA LIMITED,Puravankara Limited,50040950784,211.01,INR,5004.1
UNIVCABLES.NS,UNIVERSAL CABLES LTD,Universal Cables Limited,50055024640,1442.7,INR,5005.5
LATENTVIEW.NS,LATENT VIEW ANALYTICS LTD,Latent View Analytics Limited,50041663488,241.65,INR,5004.2
KDDL.NS,KDDL LIMITED,KDDL Limited,50008870912,4066.0,INR,5000.9
LXCHEM.NS,LAXMI ORGANIC INDUS LTD,Laxmi Organic Industries Limited,49913479168,179.6,INR,4991.3
YASHO.NS,YASHO INDUSTRIES LIMITED,Yasho Industries Limited,49935667200,4141.6,INR,4993.6
BOSCH-HCIL.NS,BOSCH HOME COMFRT IND LTD,Bosch Home Comfort India Limited,49704935424,1828.0,INR,4970.5
DEEDEV.NS,DEE DEVELOPMENT ENG LTD,DEE Development Engineers Limited,49985318912,664.35,INR,4998.5
GOKEX.NS,GOKALDAS EXPORTS LTD.,Gokaldas Exports Limited,49759174656,679.05,INR,4975.9
IFBIND.NS,IFB INDUSTRIES LTD,IFB Industries Limited,49890795520,1231.3,INR,4989.1
DEEPINDS.NS,DEEP INDUSTRIES LIMITED,Deep Industries Limited,49408000000,772.0,INR,4940.8
RENUKA.NS,SHREE RENUKA SUGARS LTD,Shree Renuka Sugars Limited,49380962304,23.2,INR,4938.1
NOVARTIND.NS,NOVARTIS INDIA LIMITED,Novartis India Limited,49092710400,1988.3,INR,4909.3
BAJAJHIND.NS,BAJAJ HINDUSTHAN SUGAR LT,Bajaj Hindusthan Sugar Limited,49211052032,20.6,INR,4921.1
FILATEX.NS,FILATEX INDIA LTD,Filatex India Limited,49090654208,110.55,INR,4909.1
RPGLIFE.NS,RPG LIFE SCIENCES LTD,RPG Life Sciences Limited,49072914432,2967.1,INR,4907.3
MOIL.NS,MOIL LIMITED,MOIL Limited,49001275392,240.81,INR,4900.1
JINDWORLD.NS,JINDAL WORLDWIDE LTD,Jindal Worldwide Limited,48906924032,48.78,INR,4890.7
CARERATING.NS,CARE RATINGS LIMITED,CARE Ratings Limited,48768253952,1620.9,INR,4876.8
SHANTIGEAR.NS,SHANTHI GEARS LTD,Shanthi Gears Limited,48595804160,633.25,INR,4859.6
SURYAROSNI.NS,SURYA ROSHNI LTD,Surya Roshni Limited,48576331776,223.2,INR,4857.6
ASHAPURMIN.NS,ASHAPURA MINECHEM LTD,Ashapura Minechem Limited,48498601984,507.7,INR,4849.9
MASTEK.NS,MASTEK LTD,Mastek Limited,48205611008,1554.7,INR,4820.6
THOMASCOOK.NS,THOMAS COOK (INDIA) LTD,Thomas Cook (India) Limited,48058781696,102.17,INR,4805.9
HEG.NS,HEG ADVANCED MATERIAL LTD,HEG Advanced Materials Limited,47954919424,248.5,INR,4795.5
GOLDIAM.NS,GOLDIAM INTERNATIONAL LTD,Goldiam International Limited,47862108160,317.9,INR,4786.2
FOSECOIND.NS,FOSECO INDIA LTD,Foseco India Limited,47553634304,6278.0,INR,4755.4
MAPMYINDIA.NS,C.E. INFO SYSTEMS LIMITED,C. E. Info Systems Limited,47538069504,868.1,INR,4753.8
NORTHARC.NS,NORTHERN ARC CAPITAL LTD,Northern Arc Capital Limited,47608623104,294.25,INR,4760.9
WSTCSTPAPR.NS,WEST COAST PAPER MILLS LT,West Coast Paper Mills Limited,47532097536,719.65,INR,4753.2
JUNIPER.NS,JUNIPER HOTELS LIMITED,Juniper Hotels Limited,47499808768,213.48,INR,4750.0
SOTL.NS,SAVITA OIL TECHNOLO. LTD,Savita Oil Technologies Limited,47502082048,692.85,INR,4750.2
UFLEX.NS,UFLEX LIMITED,Uflex Limited,47388790784,656.25,INR,4738.9
DATAMATICS.NS,DATAMATICS GLOBAL SER LTD,Datamatics Global Services Limited,47418101760,802.25,INR,4741.8
RAYMONDREL.NS,RAYMOND REALTY LIMITED,Raymond Realty Limited,46792310784,703.1,INR,4679.2
SHOPERSTOP.NS,SHOPPERS STOP LIMITED,Shoppers Stop Limited,46567403520,422.55,INR,4656.7
CAPILLARY.NS,CAPILLARY TECHNO INDIA L,Capillary Technologies India Limited,46407667712,583.95,INR,4640.8
SHILCTECH.NS,SHILCHAR TECHNOLOGIES LTD,Shilchar Technologies Limited,46348824576,4051.4,INR,4634.9
VISHNU.NS,VISHNU CHEMICALS LIMITED,Vishnu Chemicals Limited,46252326912,687.1,INR,4625.2
HAPPSTMNDS.NS,HAPPIEST MINDS TECHNO LTD,Happiest Minds Technologies Limited,46228082688,307.65,INR,4622.8
WAKEFIT.NS,WAKEFIT INNOVATIONS LTD,Wakefit Innovations Limited,46241288192,139.43,INR,4624.1
SUBROS.NS,SUBROS LIMITED,Subros Limited,46278242304,709.4,INR,4627.8
ZOTA.NS,ZOTA HEALTH CARE LIMITED,Zota Health Care Limited,45964369920,1327.2,INR,4596.4
PTC.NS,PTC INDIA LIMITED,PTC India Limited,45836890112,154.85,INR,4583.7
SAMBHV.NS,SAMBHV STEEL TUBES LTD,Sambhv Steel Tubes Limited,45500215296,154.41,INR,4550.0
EPIGRAL.NS,EPIGRAL LIMITED,Epigral Limited,45350170624,1051.2,INR,4535.0
SHAREINDIA.NS,SHARE IND. SECURITIES LTD,Share India Securities Limited,45342838784,207.21,INR,4534.3
RUSTOMJEE.NS,KEYSTONE REALTORS LIMITED,Keystone Realtors Limited,45196595200,358.0,INR,4519.7
CRAMC.NS,CANARA ROBECO AMC LIMITED,Canara Robeco Asset Management Company Limited,45018484736,225.75,INR,4501.8
MPSLTD.NS,MPS LIMITED,MPS Limited,45058154496,2654.3,INR,4505.8
GUJALKALI.NS,GUJARAT ALKALIES & CHEM,Gujarat Alkalies and Chemicals Limited,44649652224,608.0,INR,4465.0
VENUSPIPES.NS,VENUS PIPES & TUBES LTD,Venus Pipes and Tubes Limited,44436054016,2145.0,INR,4443.6
SANATHAN.NS,SANATHAN TEXTILES LIMITED,Sanathan Textiles Limited,44303691776,524.9,INR,4430.4
GVPIL.NS,GE POWER INDIA LIMITED,GE Power India Limited,44279377920,658.65,INR,4427.9
ELECTCAST.NS,ELECTROSTEEL CASTINGS LTD,Electrosteel Castings Limited,43934375936,71.07,INR,4393.4
PILANIINVS.NS,PILANI INV & IND COR LTD,Pilani Investment and Industries Corporation Limited,43868254208,3962.0,INR,4386.8
SMSPHARMA.NS,SMS PHARMACEUTICALS LTD.,SMS Pharmaceuticals Limited,43913437184,468.9,INR,4391.3
PRASOLCHEM.NS,PRASOL CHEMICALS LIMITED,,43597475840,736.65,INR,4359.7
SEAMECLTD.NS,SEAMEC LIMITED,Seamec Limited,43019182080,1686.1,INR,4301.9
DHANUKA.NS,DHANUKA AGRITECH LTD,Dhanuka Agritech Limited,43004710912,964.7,INR,4300.5
MAHLOG.NS,MAHINDRA LOGISTIC LIMITED,Mahindra Logistics Limited,43046682624,433.6,INR,4304.7
HARSHA.NS,HARSHA ENGINEERS INT LTD,Harsha Engineers International Limited,43059310592,472.95,INR,4305.9
BANARISUG.NS,BANNARI AMMAN SUGARS LTD,Bannari Amman Sugars Limited,42835615744,3416.0,INR,4283.6
SINDHUTRAD.NS,SINDHU TRADE LINKS LTD,Sindhu Trade Links Limited,42927542272,23.3,INR,4292.8
SWARAJENG.NS,SWARAJ ENGINES LTD,Swaraj Engines Limited,42767523840,3520.0,INR,4276.8
LCCPROJECT.NS,LCC PROJECTS LIMITED,,42729402368,147.51,INR,4272.9
HAWKINCOOK.NS,HAWKINS COOKERS LTD,Hawkins Cookers Limited,42566909952,8050.0,INR,4256.7
VIPIND.NS,VIP INDUSTRIES LTD,V.I.P. Industries Limited,42446147584,298.8,INR,4244.6
PITTIENG.NS,PITTI ENGINEERING LIMITED,Pitti Engineering Limited,42594590720,1153.9,INR,4259.5
RESPONIND.NS,RESPONSIVE INDUSTRIES LTD,Responsive Industries Limited,42305441792,158.68,INR,4230.5
TBZ.NS,TRIB BHIMJI ZAVERI LTD,Tribhovandas Bhimji Zaveri Limited,42040291328,630.0,INR,4204.0
ANTELOPUS.NS,ANTELOPUS SELAN ENRGY LTD,Antelopus Selan Energy Limited,42011987968,1194.8,INR,4201.2
GUFICBIO.NS,GUFIC BIOSCIENCES LTD.,Gufic Biosciences Limited,41732562944,416.15,INR,4173.3
KSL.NS,KALYANI STEELS LIMITED,Kalyani Steels Limited,41711439872,953.2,INR,4171.1
ICRA.NS,ICRA LIMITED,ICRA Limited,41610293248,4323.1,INR,4161.0
INDIQUBE.NS,INDIQUBE SPACES LIMITED,IndiQube Spaces Limited,41617256448,196.31,INR,4161.7
RAYMONDLSL.NS,RAYMOND LIFESTYLE LIMITED,Raymond Lifestyle Limited,41300213760,678.1,INR,4130.0
DECNGOLD.NS,DECCAN GOLD MINES LTD.,Deccan Gold Mines Limited,41227132928,205.14,INR,4122.7
SYMPHONY.NS,SYMPHONY LIMITED,Symphony Limited,41130737664,598.95,INR,4113.1
TATVA.NS,TATVA CHIN PHARM CHEM LTD,Tatva Chintan Pharma Chem Limited,40889315328,1748.0,INR,4088.9
AVANTEL.NS,AVANTEL LIMITED,Avantel Limited,40799252480,153.51,INR,4079.9
SUNTECK.NS,SUNTECK REALTY LIMITED,Sunteck Realty Limited,40711954432,277.25,INR,4071.2
NETWORK18.NS,NETWORK18 MEDIA & INV LTD,Network18 Media & Investments Limited,40666361856,26.33,INR,4066.6
HIRECT.NS,HIRECT LIMITED,Hirect Limited,40662360064,1183.0,INR,4066.2
SWSOLAR.NS,STRLNG & WIL REN ENE LTD,Sterling and Wilson Renewable Energy Limited,40596500480,173.83,INR,4059.7
AYE.NS,AYE FINANCE LIMITED,Aye Finance Limited,39817420800,162.81,INR,3981.7
AARTIDRUGS.NS,AARTI DRUGS LTD.,Aarti Drugs Limited,39665942528,434.6,INR,3966.6
MHRIL.NS,MAHINDRA HOLIDAYS LTD,Mahindra Holidays & Resorts India Limited,39683940352,196.77,INR,3968.4
VSSL.NS,VARDHMAN SPC STEEL LTD,Vardhman Special Steels Limited,39776489472,411.4,INR,3977.6
KSCL.NS,KAVERI SEED CO. LTD.,Kaveri Seed Company Limited,39480111104,773.5,INR,3948.0
SANGHVIMOV.NS,SANGHVI MOVERS LTD,Sanghvi Movers Limited,39305502720,454.0,INR,3930.6
MOSCHIP.NS,MOSCHIP TECHNOLOGIES LTD,MosChip Technologies Limited,39090782208,200.48,INR,3909.1
RALLIS.NS,RALLIS INDIA LTD,Rallis India Limited,38893780992,200.0,INR,3889.4
SGFIN.NS,SG FINSERVE LIMITED,SG Finserve Limited,38957125632,591.2,INR,3895.7
TRUALT.NS,TRUALT BIOENERGY LIMITED,TruAlt Bioenergy Limited,38777323520,452.2,INR,3877.7
63MOONS.NS,63 MOONS TECHNOLOGIES LTD,63 moons technologies limited,38544695296,836.5,INR,3854.5
AHLUCONT.NS,AHLUWALIA CONT IND LTD,Ahluwalia Contracts (India) Limited,38571438080,575.8,INR,3857.1
GRAUWEIL.NS,GRAUER & WEIL IND LTD,Grauer & Weil (India) Limited,38403952640,84.7,INR,3840.4
ASHIANA.NS,ASHIANA HOUSING LTD,Ashiana Housing Limited,38541230080,383.4,INR,3854.1
UNICHEMLAB.NS,UNICHEM LABORATORIES LTD,Unichem Laboratories Limited,38357053440,544.8,INR,3835.7
REFEX.NS,REFEX INDUSTRIES LIMITED,Refex Industries Limited,38293622784,279.05,INR,3829.4
UNIPARTS.NS,UNIPARTS INDIA LIMITED,Uniparts India Limited,38190039040,846.35,INR,3819.0
GHCL.NS,GHCL LIMITED,GHCL Limited,37898641408,413.45,INR,3789.9
KOLTEPATIL.NS,KOLTE PATIL DEV. LTD.,Kolte-Patil Developers Limited,37853097984,426.85,INR,3785.3
VSTTILLERS.NS,VST TILLERS TRACTORS LTD,V.S.T. Tillers Tractors Limited,37823782912,4371.3,INR,3782.4
STEELCAS.NS,STEELCAST LIMITED,Steelcast Limited,37813379072,373.65,INR,3781.3
JASH.NS,JASH ENGINEERING LIMITED,Jash Engineering Limited,37365641216,594.0,INR,3736.6
TARC.NS,TARC LIMITED,TARC Limited,37412311040,126.78,INR,3741.2
LASERPOWER.NS,LASER POWER & INFRA LTD,Laser Power & Infra Limited,37281828864,265.6,INR,3728.2
HERITGFOOD.NS,HERITAGE FOODS LTD,Heritage Foods Limited,37276155904,401.7,INR,3727.6
RML.NS,RANE (MADRAS) LIMITED,Rane (Madras) Limited,37174710272,1345.1,INR,3717.5
RTNPOWER.NS,RATTANINDIA POWER LIMITED,RattanIndia Power Limited,37053730816,6.9,INR,3705.4
DIVGIITTS.NS,DIVGI TORQTRANSFER SYST L,Divgi TorqTransfer Systems Limited,36941119488,1207.9,INR,3694.1
CMSINFO.NS,CMS INFO SYSTEMS LIMITED,CMS Info Systems Limited,36598497280,228.65,INR,3659.8
PREMEXPLN.NS,PREMIER EXPLOSIVES LTD,Premier Explosives Limited,36411867136,677.0,INR,3641.2
RTNINDIA.NS,RATTANINDIA ENT LIMITED,RattanIndia Enterprises Limited,36400197632,26.36,INR,3640.0
TCPLPACK.NS,TCPL PACKAGING LIMITED,TCPL Packaging Limited,36350861312,4003.0,INR,3635.1
BAJAJELEC.NS,BAJAJ ELECT.LTD,Bajaj Electricals Limited,36219932672,313.8,INR,3622.0
STYRENIX.NS,STYRENIX PERFORMANCE LTD,Styrenix Performance Materials Limited,36142809088,2054.0,INR,3614.3
ALOKINDS.NS,ALOK INDUSTRIES LIMITED,Alok Industries Limited,36097298432,7.27,INR,3609.7
JTLIND.NS,JTL INDUSTRIES LIMITED,JTL Industries Limited,35719327744,90.87,INR,3571.9
IDEAFORGE.NS,IDEAFORGE TECHNO LTD,ideaForge Technology Limited,35729362944,718.65,INR,3572.9
PACEDIGITK.NS,PACE DIGITEK LIMITED,Pace Digitek Limited,35533443072,164.62,INR,3553.3
NPST.NS,NETWORK PEOPLE SRV TECH L,Network People Services Technologies Limited,35380322304,1695.8,INR,3538.0
PRABHA.NS,PRABHA ENERGY LIMITED,Prabha Energy Limited,35275591680,226.0,INR,3527.6
JKIL.NS,JKUMAR INFR.LTD.,J. Kumar Infraprojects Limited,35275259904,466.2,INR,3527.5
KIRIINDUS.NS,KIRI INDUSTRIES LIMITED,Kiri Industries Limited,35265662976,541.15,INR,3526.6
POLYPLEX.NS,POLYPLEX CORPORATION LTD,Polyplex Corporation Limited,35286462464,1082.8,INR,3528.6
SOLARA.NS,SOLARA ACTIVE PHA SCI LTD,Solara Active Pharma Sciences Limited,35230113792,730.15,INR,3523.0
AURIONPRO.NS,AURIONPRO SOLN LTD,Aurionpro Solutions Limited,35184979968,654.0,INR,3518.5
SANDHAR.NS,SANDHAR TECHNOLOGIES LTD,Sandhar Technologies Limited,35205664768,583.5,INR,3520.6
GREENPLY.NS,GREENPLY INDUSTRIES LTD,Greenply Industries Limited,35166171136,281.55,INR,3516.6
POCL.NS,PONDY OXIDES & CHEM LTD,Pondy Oxides And Chemicals Limited,35000254464,458.85,INR,3500.0
INDSWFTLAB.NS,IND SWIFT LABORATORIES LT,Ind-Swift Laboratories Limited,34888978432,401.2,INR,3488.9
VSTIND.NS,VST INDUSTRIES LTD,VST Industries Limited,34649636864,204.37,INR,3465.0
INDOSTAR.NS,INDOSTAR CAPITAL FIN LTD,IndoStar Capital Finance Limited,34561835008,213.78,INR,3456.2
TVSSRICHAK.NS,TVS SRICHAKRA LIMITED,TVS Srichakra Limited,34445238272,4498.5,INR,3444.5
DALMIASUG.NS,DALMIA BHARAT SUG IN LTD,Dalmia Bharat Sugar and Industries Limited,34374922240,424.7,INR,3437.5
EIEL.NS,ENVIRO INFRA ENGINEERS L,Enviro Infra Engineers Limited,34300317696,195.41,INR,3430.0
NITINSPIN.NS,NITIN SPINNERS LIMITED,Nitin Spinners Limited,34291390464,609.95,INR,3429.1
PARAGMILK.NS,PARAG MILK FOODS LTD.,Parag Milk Foods Limited,34283812864,271.0,INR,3428.4
ORIENTELEC.NS,ORIENT ELECTRIC LIMITED,Orient Electric Limited,34336606208,160.91,INR,3433.7
CMLL.NS,CALIBER MINING AND LOG L,Caliber Mining and Logistics Limited,34126159872,522.0,INR,3412.6
PNCINFRA.NS,PNC INFRATECH LTD.,PNC Infratech Limited,34014527488,132.59,INR,3401.5
LUXIND.NS,LUX INDUSTRIES LIMITED,Lux Industries Limited,33980997632,1130.0,INR,3398.1
SAMHI.NS,SAMHI HOTELS LIMITED,SAMHI Hotels Limited,33676371968,151.45,INR,3367.6
VAIBHAVGBL.NS,VAIBHAV GLOBAL LIMITED,Vaibhav Global Limited,33678039040,200.82,INR,3367.8
INDOTECH.NS,INDO TECH TRANSFORM LTD.,Indo Tech Transformers Limited,33663277056,3169.8,INR,3366.3
BOROLTD.NS,BOROSIL LIMITED,Borosil Limited,33323091968,278.65,INR,3332.3
HEMIPROP.NS,HEMISPHERE PROP IND LTD,Hemisphere Properties India Limited,33342486528,116.94,INR,3334.2
KNRCON.NS,KNR CONSTRU LTD.,KNR Constructions Limited,33309425664,118.44,INR,3330.9
MIDWESTLTD.NS,MIDWEST LIMITED,Midwest Limited,33058217984,914.2,INR,3305.8
INDRAMEDCO.NS,INDRAPRASTHA MEDICAL CORP,Indraprastha Medical Corporation Limited,33048117248,360.5,INR,3304.8
ANUP.NS,THE ANUP ENGINEERING LTD,The Anup Engineering Limited,32575168512,1626.2,INR,3257.5
JUBLCPL.NS,JUBILANT AGRI N CON PRO L,Jubilant Agri and Consumer Products Limited,32521795584,2146.3,INR,3252.2
AGIIL.NS,AGI INFRA LIMITED,AGI Infra Limited,32386824192,259.1,INR,3238.7
JTEKTINDIA.NS,JTEKT INDIA LIMITED,JTEKT India Limited,32308416512,116.47,INR,3230.8
NFL.NS,NATIONAL FERT. LTD,National Fertilizers Limited,32142694400,65.52,INR,3214.3
DBCORP.NS,D.B.CORP LTD,D. B. Corp Limited,32146446336,180.34,INR,3214.6
WONDERLA.NS,WONDERLA HOLIDAYS LTD.,Wonderla Holidays Limited,32066551808,505.6,INR,3206.7
NACLIND.NS,NACL INDUSTRIES LIMITED,NACL Industries Limited,32025747456,136.72,INR,3202.6
GOPAL.NS,GOPAL SNACKS LIMITED,Gopal Snacks Limited,31640438784,253.8,INR,3164.0
BHAGCHEM.NS,BHAGIRADHA CHEM & INDS L,Bhagiradha Chemicals & Industries Limited,31451236352,242.55,INR,3145.1
ARSSBL.NS,ANAND RATHI SH N STK BR L,Anand Rathi Share and Stock Brokers Limited,31466981376,498.95,INR,3146.7
DPABHUSHAN.NS,D. P. ABHUSHAN LIMITED,D. P. Abhushan Limited,31413499904,1376.1,INR,3141.3
ADVENZYMES.NS,ADVANCED ENZYME TECH LTD,Advanced Enzyme Technologies Limited,31418695680,284.75,INR,3141.9
BEPL.NS,BHANSALI ENG. POLYMERS LT,Bhansali Engineering Polymers Limited,31378563072,126.09,INR,3137.9
WEBELSOLAR.NS,WEBSOL ENERGY SYSTEM LTD,Websol Energy System Limited,31363966976,72.24,INR,3136.4
RSYSTEMS.NS,R SYS INTERNATIONAL LTD,R Systems International Limited,31550736384,266.26,INR,3155.1
PSPPROJECT.NS,PSP PROJECTS LIMITED,PSP Projects Limited,31315034112,789.95,INR,3131.5
CHEMPLASTS.NS,CHEMPLAST SANMAR LIMITED,Chemplast Sanmar Limited,31217154048,197.44,INR,3121.7
JAYKAY.NS,JAYKAY ENTERPRISES LTD,Jaykay Enterprises Limited,31043704832,205.78,INR,3104.4
WINDMACHIN.NS,WINDSOR MACHINES LIMITED,Windsor Machines Limited,31094726656,300.55,INR,3109.5
VINDHYATEL.NS,VINDHYA TELELINKS LTD,Vindhya Telelinks Limited,31014895616,2617.1,INR,3101.5
CRIZAC.NS,CRIZAC LIMITED,Crizac Limited,31085639680,177.65,INR,3108.6
KABRAEXTRU.NS,KABRA EXTRUSION TECHNIK L,Kabra Extrusiontechnik Limited,31080359936,888.7,INR,3108.0
ASHOKA.NS,ASHOKA BUILDCON LTD,Ashoka Buildcon Limited,30994653184,110.41,INR,3099.5
MAYURUNIQ.NS,MAYUR UNIQUOTERS LTD,Mayur Uniquoters Limited,30973011968,712.8,INR,3097.3
OSWALPUMPS.NS,OSWAL PUMPS LIMITED,Oswal Pumps Limited,30775623680,269.95,INR,3077.6
BUILDPRO.NS,SHANKARA BUILDPRO LIMITED,Shankara Buildpro Limited,30563850240,1260.4,INR,3056.4
APCOTEXIND.NS,APCOTEX INDUSTRIES LIMITE,Apcotex Industries Limited,30502981632,588.35,INR,3050.3
HEIDELBERG.NS,HEIDELBERGCEMENT (I) LTD,HeidelbergCement India Limited,30391261184,134.1,INR,3039.1
IMAGICAA.NS,IMAGICAAWORLD ENT LTD,Imagicaaworld Entertainment Limited,30392467456,51.57,INR,3039.2
SANGAMIND.NS,SANGAM (INDIA) LTD,Sangam (India) Limited,30298540032,614.45,INR,3029.9
SEIL.NS,SHANTI EDU INITIATIVES L,Shanti Educational Initiatives Limited,30258339840,187.94,INR,3025.8
NOCIL.NS,NOCIL LIMITED,NOCIL Limited,30198108160,180.8,INR,3019.8
MUTHOOTMF.NS,MUTHOOT MICROFIN LIMITED,Muthoot Microfin Limited,30070499328,179.24,INR,3007.0
STYLEBAAZA.NS,BAAZAR STYLE RETAIL LTD,Baazar Style Retail Limited,30032099328,394.55,INR,3003.2
CARRARO.NS,CARRARO INDIA LIMITED,Carraro India Limited,30014769152,527.95,INR,3001.5
INDNIPPON.NS,INDIA NIPPON ELECT  LTD,India Nippon Electricals Limited,29880639488,1320.9,INR,2988.1
CARYSIL.NS,CARYSIL LIMITED,Carysil Limited,29964285952,1053.5,INR,2996.4
JINDALPOLY.NS,JINDAL POLY FILMS LIMITED,Jindal Poly Films Limited,29941147648,683.8,INR,2994.1
BLSE.NS,BLS E-SERVICES LIMITED,BLS E-Services Limited,29349259264,323.75,INR,2934.9
CONFIPET.NS,CONFIDENCE PETRO IND LTD.,Confidence Petroleum India Limited,29370109952,88.4,INR,2937.0
MMFL.NS,MM FORGINGS LTD,M M Forgings Limited,29227266048,605.35,INR,2922.7
RELTD.NS,RAVINDRA ENERGY LIMITED,Ravindra Energy Limited,29131018240,146.71,INR,2913.1
HLEGLAS.NS,HLE GLASCOAT LIMITED,HLE Glascoat Limited,29282117632,421.6,INR,2928.2
ADFFOODS.NS,ADF FOODS LIMITED,ADF Foods Limited,29300621312,266.7,INR,2930.1
ELPROINTL.NS,ELPRO INTERNATIONAL LTD,Elpro International Limited,29075841024,171.56,INR,2907.6
INTERARCH.NS,INTERARCH BLDNG SOLTN LTD,Interarch Building Solutions Limited,29022834688,1725.8,INR,2902.3
HGINFRA.NS,H.G.INFRA ENGINEERING LTD,H.G. Infra Engineering Limited,29001144320,445.0,INR,2900.1
GIPCL.NS,GUJ IND POW CO. LTD,Gujarat Industries Power Company Limited,28873269248,186.02,INR,2887.3
ROUTE.NS,ROUTE MOBILE LIMITED,Route Mobile Limited,28798707712,457.1,INR,2879.9
ADOR.NS,ADOR WELDING LTD,Ador Welding Limited,28704204800,1649.4,INR,2870.4
NIITMTS.NS,NIIT LEARNING SYSTEMS LTD,NIIT Learning Systems Limited,28703993856,208.28,INR,2870.4
PRINCEPIPE.NS,PRINCE PIPES FITTINGS LTD,Prince Pipes and Fittings Limited,28624216064,258.85,INR,2862.4
PANAMAPET.NS,PANAMA PETROCHEM LTD,Panama Petrochem Limited,28586250240,472.55,INR,2858.6
PROTEAN.NS,PROTEAN EGOV TECHNO LTD,Protean eGov Technologies Limited,28741154816,704.8,INR,2874.1
NILKAMAL.NS,NILKAMAL LIMITED,Nilkamal Limited,28344053760,1893.1,INR,2834.4
MONARCH.NS,MONARCH NETWORTH CAP LTD,Monarch Networth Capital Limited,28221872128,355.85,INR,2822.2
KKCL.NS,KEWAL KIRAN CLOTHING LTD,Kewal Kiran Clothing Limited,28245903360,458.35,INR,2824.6
SUNDROP.NS,SUNDROP BRANDS LIMITED,Sundrop Brands Limited,28084154368,745.0,INR,2808.4
FUSION.NS,FUSION FINANCE LIMITED,Fusion Finance Limited,28054548480,173.48,INR,2805.5
KERNEX.NS,KERNEX MICROSYS(I) LTD,Kernex Microsystems (India) Limited,27927619584,1662.0,INR,2792.8
BALMLAWRIE.NS,BALMER LAWRIE & CO LTD,Balmer Lawrie & Co. Ltd.,27870205952,162.98,INR,2787.0
MANGLMCEM.NS,MANGALAM CEMENT LTD,Mangalam Cement Limited,27857512448,1013.1,INR,2785.8
RPSGVENT.NS,RPSG VENTURES LIMITED,RPSG Ventures Limited,27790927872,839.95,INR,2779.1
RISHABH.NS,RISHABH INSTRUMENTS LTD,Rishabh Instruments Limited,27805708288,718.55,INR,2780.6
RATNAVEER.NS,RATNAVEER PRECISION ENG L,Ratnaveer Precision Engineering Limited,27733463040,330.45,INR,2773.3
NSIL.NS,NALWA SONS INVESTMENT LTD,Nalwa Sons Investments Limited,27707031552,5394.5,INR,2770.7
ARVSMART.NS,ARVIND SMARTSPACES LTD,Arvind SmartSpaces Limited,27566055424,601.0,INR,2756.6
ALEMBICLTD.NS,ALEMBIC LIMITED,Alembic Limited,27501332480,107.1,INR,2750.1
MAITHANALL.NS,MAITHAN ALLOYS LTD,Maithan Alloys Limited,27440545792,942.6,INR,2744.1
RAMCOIND.NS,RAMCO INDUSTRIES LIMITED,Ramco Industries Limited,27263907840,313.95,INR,2726.4
SUNCLAY.NS,SUNDARAM CLAYTON LIMITED,Sundaram-Clayton Limited,27141029888,1231.1,INR,2714.1
GANECOS.NS,GANESHA ECOSPHERE LIMITED,Ganesha Ecosphere Limited,27175888896,1016.4,INR,2717.6
UFBL.NS,UNITED FOODBRANDS LIMITED,United Foodbrands Limited,27176994816,694.75,INR,2717.7
XPROINDIA.NS,XPRO INDIA LIMITED,Xpro India Limited,27115345920,1155.3,INR,2711.5
NAVNETEDUL.NS,NAVNEET EDUCATION LTD,Navneet Education Limited,27056584704,122.31,INR,2705.7
MARATHON.NS,MARATHON NXTGEN REALT LTD,Marathon Nextgen Realty Limited,27041894400,400.95,INR,2704.2
SPORTKING.NS,SPORTKING INDIA LIMITED,Sportking India Limited,26801907712,210.59,INR,2680.2
STOVEKRAFT.NS,STOVE KRAFT LIMITED,Stove Kraft Limited,26773891072,808.7,INR,2677.4
TALBROAUTO.NS,TALBROS AUTO. COMP. LTD,Talbros Automotive Components Limited,26722117632,432.9,INR,2672.2
DOLPHIN.NS,DOLPHIN OFF ENT (IND) L,Dolphin Offshore Enterprises (India) Limited,26919081984,672.9,INR,2691.9
VIMTALABS.NS,VIMTA LABS LIMITED,Vimta Labs Limited,26596417536,595.0,INR,2659.6
DREDGECORP.NS,DREDGING CORP OF INDIA,Dredging Corporation of India Limited,26602799104,950.1,INR,2660.3
VINCOFE.NS,VINTAGE COFFEE N BVRGS L,Vintage Coffee and Beverages Limited,26497810432,181.88,INR,2649.8
INDORAMA.NS,INDO RAMA SYNTHETICS LTD,Indo Rama Synthetics (India) Limited,26168760320,100.22,INR,2616.9
HIKAL.NS,HIKAL LIMITED,Hikal Limited,26155788288,212.13,INR,2615.6
SBC.NS,SBC EXPORTS LIMITED,SBC Exports Limited,26204735488,55.03,INR,2620.5
EFCIL.NS,EFC (I) LIMITED,EFC (I) Limited,26221977600,177.24,INR,2622.2
FMGOETZE.NS,FEDERAL-MOGUL GOETZE (IND,Federal-Mogul Goetze (India) Limited,26141536256,469.9,INR,2614.2
DDEVPLSTIK.NS,DDEV PLASTIKS IND LTD,Ddev Plastiks Industries Limited,26076119040,252.0,INR,2607.6
DCAL.NS,DISHMAN CARBO AMCIS LTD,Dishman Carbogen Amcis Limited,26079297536,166.34,INR,2607.9
STLNETWORK.NS,STL NETWORKS LIMITED,STL Networks Limited,25976057856,53.2,INR,2597.6
GATEWAY.NS,GATEWAY DISTRIPARKS LTD,Gateway Distriparks Limited,25956497408,51.95,INR,2595.6
MUFIN.NS,MUFIN GREEN FINANCE LTD,Mufin Green Finance Limited,25860165632,130.5,INR,2586.0
STALLION.NS,STALLION IND FLUOROCHEM L,Stallion India Fluorochemicals Limited,25852293120,222.7,INR,2585.2
PATELENG.NS,PATEL ENGINEERING LTD.,Patel Engineering Limited,25709883392,26.92,INR,2571.0
GNA.NS,GNA AXLES LIMITED,G N A Axles Limited,25807851520,601.15,INR,2580.8
GLOBUSSPR.NS,GLOBUS SPIRITS LTD,Globus Spirits Limited,25751066624,818.5,INR,2575.1
GANDHAR.NS,GANDHAR OIL REFINE IND L,Gandhar Oil Refinery (India) Limited,25634648064,261.9,INR,2563.5
SOMANYCERA.NS,SOMANY CERAMICS LIMITED,Somany Ceramics Limited,25565333504,623.35,INR,2556.5
TECHNVISN.NS,TECHNVISION VENTURES LTD.,TechNVision Ventures Limited,25554937856,4072.5,INR,2555.5
SASKEN.NS,SASKEN TECHNOLOGIES LTD,Sasken Technologies Limited,25535377408,1680.9,INR,2553.5
AUTOAXLES.NS,AUTOMOTIVE AXLES LIMITED,Automotive Axles Limited,25501458432,1687.5,INR,2550.1
SATIN.NS,SATIN CREDIT NET LTD,Satin Creditcare Network Limited,25310441472,230.12,INR,2531.0
PENIND.NS,PENNAR INDUSTRIES LTD,Pennar Industries Limited,25422518272,188.39,INR,2542.3
DIAMONDYD.NS,PRATAAP SNACKS LIMITED,Prataap Snacks Limited,25296355328,1057.1,INR,2529.6
SHUKRAPHAR.NS,SHUKRA PHARMACEUTICALS L,Shukra Pharmaceuticals Limited,25243897856,57.27,INR,2524.4
KMCSHIL.NS,K M C SPECIALITY HOSP I L,KMC Speciality Hospitals (India) Limited,25186846720,154.44,INR,2518.7
BODALCHEM.NS,BODAL CHEMICALS LTD,Bodal Chemicals Limited,25071685632,199.07,INR,2507.2
ORIENTHOT.NS,ORIENT HOTELS LTD,Oriental Hotels Limited,24868151296,139.24,INR,2486.8
UEL.NS,UJAAS ENERGY LIMITED,Ujaas Energy Limited,24940056576,186.96,INR,2494.0
FLAIR.NS,FLAIR WRITING INDUST LTD,Flair Writing Industries Limited,24853282816,235.81,INR,2485.3
MUKANDLTD.NS,MUKAND LTD.,Mukand Limited,24752091136,171.3,INR,2475.2
GKENERGY.NS,GK ENERGY LIMITED,GK Energy Limited,24725452800,121.91,INR,2472.5
EPACKPEB.NS,EPACK PREFAB TECHN LTD,EPack Prefab Technologies Limited,24685793280,245.31,INR,2468.6
ORIENTCEM.NS,ORIENT CEMENT LTD.,Orient Cement Limited,24659292160,120.02,INR,2465.9
TASTYBITE.NS,TASTY BITE EATABLES LTD,Tasty Bite Eatables Limited,24600242176,9587.0,INR,2460.0
SAKAR.NS,SAKAR HEALTHCARE LIMITED,Sakar Healthcare Limited,24518049792,1117.0,INR,2451.8
UTKARSHBNK.NS,UTKARSH SMALL FIN BANK L,Utkarsh Small Finance Bank Limited,24219316224,13.61,INR,2421.9
ROSSARI.NS,ROSSARI BIOTECH LIMITED,Rossari Biotech Limited,24309708800,438.85,INR,2431.0
SIYSIL.NS,SIYARAM SILK MILLS LTD,Siyaram Silk Mills Limited,24277532672,535.1,INR,2427.8
JGCHEM.NS,J.G.CHEMICALS LIMITED,J.G. Chemicals Limited,24168005632,616.75,INR,2416.8
BBL.NS,BHARAT BIJLEE LTD,Bharat Bijlee Limited,24111814656,2133.2,INR,2411.2
SPAL.NS,S. P. APPARELS LIMITED,S.P. Apparels Limited,24110702592,959.1,INR,2411.1
EASEMYTRIP.NS,EASY TRIP PLANNERS LTD,Easy Trip Planners Limited,23987593216,6.02,INR,2398.8
HUBTOWN.NS,HUBTOWN LIMITED,Hubtown Limited,23871490048,167.99,INR,2387.1
SHANTIGOLD.NS,SHANTI GOLD INTERNATION L,Shanti Gold International Limited,23935809536,311.91,INR,2393.6
FISCHER.NS,FISCHER MEDICAL VENTURE L,Fischer Medical Ventures Limited,23844747264,34.84,INR,2384.5
ZAGGLE.NS,ZAGGLE PREPA OCEAN SER L,Zaggle Prepaid Ocean Services Limited,23677681664,175.75,INR,2367.8
PIXTRANS.NS,PIX TRANSMISSIONS LIMITED,PIX Transmissions Limited,23653347328,1736.0,INR,2365.3
AJMERA.NS,AJMERA REALTY & INF I LTD,Ajmera Realty & Infra India Limited,23619414016,120.02,INR,2361.9
THEJO.NS,THEJO ENGINEERING LIMITED,Thejo Engineering Limited,23592126464,2174.9,INR,2359.2
VENKEYS.NS,VENKY S (INDIA) LIMITED,Venky's (India) Limited,23484997632,1667.1,INR,2348.5
ASIANENE.NS,ASIAN ENERGY SERVICES LTD,Asian Energy Services Limited,23506077696,483.75,INR,2350.6
RAJRATAN.NS,RAJRATAN GLOBAL WIRE LTD,Rajratan Global Wire Limited,23456202752,462.0,INR,2345.6
VEEDOL.NS,VEEDOL CORPORATION LTD,Veedol Corporation Limited,23413817344,1377.7,INR,2341.4
SIRCA.NS,SIRCA PAINT INDIA LIMITED,Sirca Paints India Limited,23308304384,409.4,INR,2330.8
EVEREADY.NS,EVEREADY INDS. IND.  LTD.,Eveready Industries India Limited,23209041920,319.3,INR,2320.9
INDOCO.NS,INDOCO REMEDIES LTD.,Indoco Remedies Limited,23201964032,251.72,INR,2320.2
MEDIASSIST.NS,MEDI ASSIST HEALTH SER L,Medi Assist Healthcare Services Limited,23217330176,310.8,INR,2321.7
WINDLAS.NS,WINDLAS BIOTECH LIMITED,Windlas Biotech Limited,23263221760,1127.3,INR,2326.3
KITEX.NS,KITEX GARMENTS LTD,Kitex Garments Limited,23167934464,116.13,INR,2316.8
FREDUN.NS,FREDUN PHARMACEUTICALS L,Fredun Pharmaceuticals Limited,23154235392,1370.1,INR,2315.4
ARKADE.NS,ARKADE DEVELOPERS LIMITED,Arkade Developers Limited,23076130816,124.29,INR,2307.6
VERANDA.NS,VERANDA LEARNING SOL LTD,Veranda Learning Solutions Limited,22959888384,237.91,INR,2296.0
HINDOILEXP.NS,HINDUSTAN OIL EXPLORATION,Hindustan Oil Exploration Company Limited,23030167552,174.15,INR,2303.0
ESAFSFB.NS,ESAF SMALL FINANCE BANK L,ESAF Small Finance Bank,23168638976,44.89,INR,2316.9
JNKINDIA.NS,JNK INDIA LIMITED,JNK India Limited,22806816768,407.6,INR,2280.7
GSPCROP.NS,GSP CROP SCIENCE LIMITED,GSP Crop Science Limited,22745344000,488.95,INR,2274.5
PANACEABIO.NS,PANACEA BIOTEC LTD,Panacea Biotec Limited,22567837696,368.45,INR,2256.8
PARKHOTELS.NS,PARKHOTELS,Apeejay Surrendra Park Hotels Limited,22466172928,105.29,INR,2246.6
VENUSREM.NS,VENUS REMEDIES LIMITED,Venus Remedies Limited,22411993088,1674.7,INR,2241.2
RANEHOLDIN.NS,RANE HOLDINGS LIMITED,Rane Holdings Limited,22567503872,1580.6,INR,2256.8
POKARNA.NS,POKARNA LIMITED,Pokarna Limited,22384887808,722.0,INR,2238.5
APOLLOPIPE.NS,APOLLO PIPES LIMITED,Apollo Pipes Limited,22313228288,508.05,INR,2231.3
GMBREW.NS,G M BREWERIES LTD,G.M. Breweries Limited,22306592768,976.35,INR,2230.7
SAIPARENT.NS,SAI PARENTERALS LIMITED,Sai Parenteral's Limited,22321557504,505.25,INR,2232.2
BOMDYEING.NS,BOMBAY DYEING & MFG. CO L,The Bombay Dyeing and Manufacturing Company Limited,22173587456,107.36,INR,2217.4
GEOJITFSL.NS,GEOJIT FINANCIAL SER L,Geojit Financial Services Limited,22215327744,79.59,INR,2221.5
ORISSAMINE.NS,ORISSA MIN DEV CO LTD,The Orissa Minerals Development Company Limited,22097999872,3683.0,INR,2209.8
QUADFUTURE.NS,QUADRANT FUTURE TEK LTD,Quadrant Future Tek Limited,22101999616,552.55,INR,2210.2
EXICOM.NS,EXICOM TELE SYSTEMS LTD,Exicom Tele-Systems Limited,21987121152,158.09,INR,2198.7
COSMOFIRST.NS,COSMO FIRST LIMITED,Cosmo First Limited,21911279616,844.1,INR,2191.1
MACPOWER.NS,MACPOWER CNC MACHINES LTD,Macpower CNC Machines Limited,21963130880,2195.4,INR,2196.3
MVELECTRO.NS,MV ELECTROSYSTEMS LIMITED,MV Electrosystems Limited,21854828544,801.05,INR,2185.5
MOLDTKPAC.NS,MOLD-TEK PACKAGING LTD,Mold-Tek Packaging Limited,21723402240,653.75,INR,2172.3
BLUSPRING.NS,BLUSPRING ENTERPRISES LTD,Bluspring Enterprises Limited,21739102208,145.41,INR,2173.9
RAMCOSYS.NS,RAMCO SYSTEMS LTD.,Ramco Systems Limited,21717800960,577.1,INR,2171.8
SANSTAR.NS,SANSTAR LIMITED,Sanstar Limited,21739134976,108.55,INR,2173.9
KNACK.NS,KNACK PACKAGING LIMITED,Knack Packaging Limited,21670871040,177.1,INR,2167.1
NITCO.NS,NITCO LIMITED,NITCO Limited,21562423296,85.37,INR,2156.2
SHRINGARMS.NS,SHRINGAR HOU OF MANGALS L,Shringar House of Mangalsutra Limited,21590177792,223.89,INR,2159.0
NELCO.NS,NELCO LTD,Nelco Limited,21555402752,944.65,INR,2155.5
REPCOHOME.NS,REPCO HOME FINANCE LTD,Repco Home Finance Limited,21427265536,342.5,INR,2142.7
DYCL.NS,DYNAMIC CABLES LIMITED,Dynamic Cables Limited,21416296448,441.95,INR,2141.6
KICL.NS,KALYANI INVEST CO LTD,Kalyani Investment Company Limited,21357258752,4892.5,INR,2135.7
JISLJALEQS.NS,JAIN IRRIGATION SYSTEMS,Jain Irrigation Systems Limited,21323143168,29.07,INR,2132.3
RAMKY.NS,RAMKY INFRA LTD,Ramky Infrastructure Limited,21361358848,308.7,INR,2136.1
EUROPRATIK.NS,EURO PRATIK SALES LIMITED,Euro Pratik Sales Limited,21226940416,207.7,INR,2122.7
HMT.NS,HMT LTD -,HMT Limited,21193857024,59.6,INR,2119.4
AEROPLANE.NS,AMIR CHAND JAG KUM (E) L,Amir Chand Jagdish Kumar (Exports) Limited,21156618240,204.31,INR,2115.7
BRIGHOTEL.NS,BRIGADE HOTEL VENTURE LTD,Brigade Hotel Ventures Limited,21104052224,55.56,INR,2110.4
BETA.NS,BETA DRUGS LIMITED,Beta Drugs Limited,21034047488,2075.0,INR,2103.4
PRAKASH.NS,PRAKASH INDUSTRIES LTD,Prakash Industries Limited,21008091136,117.31,INR,2100.8
OMAXE.NS,OMAXE LIMITED,Omaxe Limited,20943935488,114.04,INR,2094.4
MARSONS.NS,MARSONS LIMITED,Marsons Limited,20911872000,121.51,INR,2091.2
SMCGLOBAL.NS,SMC GLOBAL SECURITIES LTD,SMC Global Securities Limited,20764104704,99.16,INR,2076.4
SYNCOMF.NS,SYNCOM FORMU (I) LTD,Syncom Formulations (India) Limited,20783400960,22.11,INR,2078.3
INDIAGLYCO.NS,INDIA GLYCOLS LTD,India Glycols Limited,20530296832,306.3,INR,2053.0
ADVAIT.NS,ADVAIT ENRGY TRANSITION L,Advait Energy Transitions Limited,20506456064,1875.0,INR,2050.6
BNAGROCHEM.NS,BN AGROCHEM LTD.,BN Agrochem Limited,20375881728,208.4,INR,2037.6
TIL.NS,TIL LTD,TIL Limited,20363622400,247.0,INR,2036.4
KCP.NS,KCP LTD,The KCP Limited,20311529472,157.55,INR,2031.2
DELTACORP.NS,DELTA CORP LIMITED,Delta Corp Limited,20189941760,75.4,INR,2019.0
MAHASTEEL.NS,MAHAMAYA STEEL INDS LTD,Mahamaya Steel Industries Limited,20230746112,1231.0,INR,2023.1
MOTISONS.NS,MOTISONS JEWELLERS LTD,Motisons Jewellers Limited,20167991296,17.73,INR,2016.8
DEEPA.NS,DEEPA JEWELLERS LIMITED,,20120737792,209.32,INR,2012.1
ALGOQUANT.NS,ALGOQUANT FINTECH LIMITED,Algoquant Fintech Limited,19943761920,70.95,INR,1994.4
TAJGVK.NS,TAJ GVK HOTELS & RESORTS,Krishna GVK Luxury Hotels Limited,19910858752,317.55,INR,1991.1
SPANDANA.NS,SPANDANA SPHOORTY FIN LTD,Spandana Sphoorty Financial Limited,19943888896,225.0,INR,1994.4
LANDMARK.NS,LANDMARK CARS LIMITED,Landmark Cars Limited,19843033088,478.55,INR,1984.3
VIDYAWIRES.NS,VIDYA WIRES LIMITED,Vidya Wires Limited,19737845760,92.8,INR,1973.8
INA.NS,INSOLATION ENERGY LIMITED,Insolation Energy Limited,19739260928,89.54,INR,1973.9
SAGCEM.NS,SAGAR CEMENTS LIMITED,Sagar Cements Limited,19708084224,150.78,INR,1970.8
BAJEL.NS,BAJEL PROJECTS LIMITED,Bajel Projects Limited,19615258624,169.54,INR,1961.5
SIMPLEXINF.NS,SIMPLEX INFRASTRUCTURES L,Simplex Infrastructures Limited,19595872256,247.75,INR,1959.6
GREENPANEL.NS,GREENPANEL INDUSTRIES LTD,Greenpanel Industries Limited,19642454016,160.18,INR,1964.2
RACLGEAR.NS,RACL GEARTECH LIMITED,RACL Geartech Limited,19531945984,1654.0,INR,1953.2
BFUTILITIE.NS,BF UTILITIES LIMITED,BF Utilities Limited,19519365120,518.2,INR,1951.9
RAJESHEXPO.NS,RAJESH EXPORTS LTD,Rajesh Exports Limited,19472394240,65.95,INR,1947.2
CANTABIL.NS,CANTABIL RETAIL LTD,Cantabil Retail India Limited,19473444864,232.83,INR,1947.3
BGRENERGY.NS,BGR ENERGY SYSTEMS LTD,BGR Energy Systems Limited,19375378432,268.5,INR,1937.5
SHK.NS,S H KELKAR AND CO. LTD.,S H Kelkar and Company Limited,19353997312,139.82,INR,1935.4
SILVERTUC.NS,SILVER TOUCH TECHNO LTD,Silver Touch Technologies Limited,19280191488,152.04,INR,1928.0
HONDAPOWER.NS,HONDA I POWER PRODUCT LTD,Honda India Power Products Limited,19147075584,1887.7,INR,1914.7
NIBE.NS,NIBE LIMITED,Nibe Limited,19115235328,1233.1,INR,1911.5
EMSLIMITED.NS,EMS LIMITED,EMS Limited,19066503168,343.35,INR,1906.7
BCG.NS,BRIGHTCOM GROUP LIMITED,Brightcom Group Limited,19014475776,9.42,INR,1901.4
TECHNOCRAF.NS,TECHNOCRAFT VENTURES LTD,Technocraft Ventures Limited,18931763200,478.0,INR,1893.2
MSPL.NS,MSP STEEL & POWER LTD.,MSP Steel & Power Limited,18891333632,33.33,INR,1889.1
PARACABLES.NS,PARAMOUNT COMM LTD,Paramount Communications Limited,18881718272,57.7,INR,1888.2
TCIEXP.NS,TCI EXPRESS LIMITED,TCI Express Limited,18816495616,489.45,INR,1881.6
TIRUMALCHM.NS,THIRUMALAI CHEMICALS LTD,Thirumalai Chemicals Limited,18750777344,155.54,INR,1875.1
GOCLCORP.NS,GOCL CORPORATION LIMITED,GOCL Corporation Limited,18678913024,376.8,INR,1867.9
INDIANHUME.NS,INDIAN HUME PIPE CO. LTD.,The Indian Hume Pipe Company Limited,18491299840,351.0,INR,1849.1
CAMLINFINE.NS,CAMLIN FINE SCIENCES LTD,Camlin Fine Sciences Limited,18486896640,96.24,INR,1848.7
GENESYS.NS,GENESYS INTL CORPN LTD,Genesys International Corporation Limited,18498093056,276.65,INR,1849.8
AHCL.NS,ANLON HEALTHCARE LIMITED,Anlon Healthcare Limited,18422310912,34.66,INR,1842.2
GRANDOAK.NS,GRAND OAK CANYONS DIST L,Grand Oak Canyons Distillery Limited,18337345536,35.34,INR,1833.7
AWFIS.NS,AWFIS SPACE SOLUTIONS LTD,Awfis Space Solutions Limited,18327332864,256.1,INR,1832.7
ARMANFIN.NS,ARMAN FIN SERV LTD,Arman Financial Services Limited,18337961984,1738.8,INR,1833.8
ONEPOINT.NS,ONE POINT ONE SOL LTD,One Point One Solutions Limited,18297767936,69.59,INR,1829.8
SAKSOFT.NS,SAKSOFT LIMITED,Saksoft Limited,18303842304,142.41,INR,1830.4
IGPL.NS,I G PETROCHEMICALS LTD,I G Petrochemicals Limited,18078115840,587.05,INR,1807.8
SKYWAYS.NS,SKYWAYS AIR SERVICES LTD,,17903419392,123.18,INR,1790.3
BHARATRAS.NS,BHARAT RASAYAN LTD,Bharat Rasayan Limited,17874300928,1075.4,INR,1787.4
DCXINDIA.NS,DCX SYSTEMS LIMITED,DCX Systems Limited,17846333440,160.22,INR,1784.6
OAL.NS,ORIENTAL AROMATICS LTD,Oriental Aromatics Limited,17836394496,530.0,INR,1783.6
RGL.NS,RENAISSANCE GLOBAL LTD,Renaissance Global Limited,17804978176,165.77,INR,1780.5
HUHTAMAKI.NS,HUHTAMAKI INDIA LIMITED,Huhtamaki India Limited,17823176704,236.0,INR,1782.3
TEAMLEASE.NS,TEAMLEASE SERVICES LTD.,TeamLease Services Limited,17764628480,1162.5,INR,1776.5
EIHAHOTELS.NS,EIH ASSOCIATED HOTELS LTD,EIH Associated Hotels Limited,17744650240,291.2,INR,1774.5
TARSONS.NS,TARSONS PRODUCTS LIMITED,Tarsons Products Limited,17736312832,333.35,INR,1773.6
HPL.NS,HPL ELECTRIC & POWER LTD,HPL Electric & Power Limited,17714784256,275.5,INR,1771.5
PFS.NS,PTC INDIA FIN SERV LTD,PTC India Financial Services Limited,17624254464,27.44,INR,1762.4
LAOPALA.NS,LA OPALA RG LIMITED,La Opala RG Limited,17596829696,158.53,INR,1759.7
FRONTSP.NS,FRONTIER SPRINGS LTD.,Frontier Springs Limited,17646497792,1493.5,INR,1764.6
SURAKSHA.NS,SURAKSHA DIAGNOSTIC LTD,Suraksha Diagnostic Limited,17462677504,335.3,INR,1746.3
RICOAUTO.NS,RICO AUTO INDUSTRIES LTD,Rico Auto Industries Limited,17451763712,129.0,INR,1745.2
KRSNAA.NS,KRSNAA DIAGNOSTICS LTD,Krsnaa Diagnostics Limited,17403346944,536.5,INR,1740.3
NUCLEUS.NS,NUCLEUS SOFTWARE EXPORTS,Nucleus Software Exports Limited,17422088192,661.8,INR,1742.2
INSECTICID.NS,INSECTICIDES (I) LTD,Insecticides (India) Limited,17416509440,598.55,INR,1741.7
KROSS.NS,KROSS LIMITED,Kross Limited,17383581696,263.35,INR,1738.4
NDRAUTO.NS,NDR AUTO COMPONENTS LTD,NDR Auto Components Limited,17333217280,726.6,INR,1733.3
TINNARUBR.NS,TINNA RUBBER AND INFR LTD,Tinna Rubber and Infrastructure Limited,17288820736,959.65,INR,1728.9
HGS.NS,HINDUJA GLOBAL SOLS. LTD.,Hinduja Global Solutions Limited,17296240640,371.8,INR,1729.6
EPACK.NS,EPACK DURABLE LIMITED,EPACK Durable Limited,17246044160,179.13,INR,1724.6
SCILAL.NS,SHIPPING CORP OF ILA LTD,Shipping Corporation of India Land and Assets Limited,17220589568,36.97,INR,1722.1
NGLFINE.NS,NGL FINE CHEM LIMITED,NGL Fine-Chem Limited,17205796864,2785.0,INR,1720.6
VOEPL.NS,VIRTUOSO OPTOELECTRONIC L,Virtuoso Optoelectronics Limited,17168350208,501.25,INR,1716.8
VIDHIING.NS,VIDHI SPCLTY F INGRDNTS L,Vidhi Specialty Food Ingredients Limited,17153610752,343.45,INR,1715.4
WENDT.NS,WENDT (INDIA) LIMITED,Wendt (India) Limited,17093000192,8546.5,INR,1709.3
HATHWAY.NS,HATHWAY CABLE & DATACOM,Hathway Cable and Datacom Limited,17063806976,9.64,INR,1706.4
AYMSYNTEX.NS,AYM SYNTEX LIMITED,AYM Syntex Limited,17063183360,290.25,INR,1706.3
INDOKEM.NS,INDOKEM LTD.,Indokem Limited,16985341952,609.05,INR,1698.5
JINDRILL.NS,JINDAL DRILLING IND. LTD,Jindal Drilling & Industries Limited,16964088832,585.35,INR,1696.4
MENONBE.NS,MENON BEARINGS LIMITED,Menon Bearings Limited,16806395904,299.9,INR,1680.6
AURUM.NS,AURUM PROPTECH LIMITED,Aurum PropTech Limited,16805226496,219.0,INR,1680.5
RUBYMILLS.NS,THE RUBY MILLS LTD,The Ruby Mills Limited,16664823808,498.35,INR,1666.5
GRMOVER.NS,GRM OVERSEAS LIMITED,GRM Overseas Limited,16645488640,80.21,INR,1664.5
GARUDA.NS,GARUDA CONSTRUCT N ENG L,Garuda Construction and Engineering Limited,16553057280,177.91,INR,1655.3
BHAGERIA.NS,BHAGERIA INDUSTRIES LTD,Bhageria Industries Limited,16541144064,379.0,INR,1654.1
ACCELYA.NS,ACCELYA SOLN INDIA LTD,Accelya Solutions India Limited,16536805376,1107.9,INR,1653.7
TAALTECH.NS,TAAL TECH LTD.,TAAL Tech Limited,16527518720,1060.7,INR,1652.8
SDBL.NS,SOM DIST & BREW LTD,Som Distilleries & Breweries Limited,16463705088,79.19,INR,1646.4
KAPSTON.NS,KAPSTON SERVICES LIMITED,Kapston Services Limited,16360341504,537.6,INR,1636.0
MMWL.NS,MEDIA MATRIX WORLDWIDE L,Media Matrix Worldwide Limited,16424763392,14.5,INR,1642.5
BFINVEST.NS,BF INVESTMENT LIMITED,BF Investment Limited,16423086080,436.0,INR,1642.3
PNGSREVA.NS,PNGS REVA DIAMOND JEWEL L,PNGS Reva Diamond Jewellery Limited,16415015936,517.85,INR,1641.5
KOTIC.NS,KOTHARI INDUSTRIAL CORP L,Kothari Industrial Corporation Limited,16375020544,151.59,INR,1637.5
CNL.NS,CREATIVE NEWTECH LIMITED,Creative Newtech Limited,16344148992,1088.4,INR,1634.4
GOCOLORS.NS,GO FASHION INDIA LTD,Go Fashion (India) Limited,16294235136,309.8,INR,1629.4
GOODYEAR.NS,GOODYEAR INDIA LIMITED,Goodyear India Limited,16246894592,704.35,INR,1624.7
ASIANHOTNR.NS,ASIAN HOTELS (NORTH) LTD,Asian Hotels (North) Limited,16258182144,381.35,INR,1625.8
JAICORPLTD.NS,JAI CORP LIMITED,Jai Corp Limited,16174540800,92.16,INR,1617.5
AVADHSUGAR.NS,AVADH SUG & ENERGY LTD,Avadh Sugar & Energy Limited,16144856064,806.5,INR,1614.5
YATRA.NS,YATRA ONLINE LIMITED,Yatra Online Limited,16193751040,103.2,INR,1619.4
PANORAMA.NS,PANORAMA STUDIOS INTL. L,Panorama Studios International Limited,16142787584,61.96,INR,1614.3
SHREEPUSHK.NS,SHRE PUSH CHEM & FERT LTD,Shree Pushkar Chemicals & Fertilisers Limited,16110638080,498.2,INR,1611.1
DIFFNKG.NS,DIFFUSION ENGINEERS LTD,Diffusion Engineers Limited,16270583808,438.25,INR,1627.1
ARDEE.NS,ARDEE INDUSTRIES LIMITED,Ardee Industries Limited,16100465664,51.08,INR,1610.0
ALLCARGO.NS,ALLCARGO LOGISTICS LTD,Allcargo Logistics Limited,16116096000,10.76,INR,1611.6
PAUSHAKLTD.NS,PAUSHAK LIMITED,Paushak Limited,16076306432,652.0,INR,1607.6
SERVOTECH.NS,SERVOTECH REN POW SYS LTD,Servotech Renewable Power System Limited,16032760832,70.99,INR,1603.3
JAGSNPHARM.NS,JAGSONPAL PHARMACEUTICALS,Jagsonpal Pharmaceuticals Limited,16026993664,242.99,INR,1602.7
ASTEC.NS,ASTEC LIFESCIENCES LTD,Astec LifeSciences Limited,15976365056,717.0,INR,1597.6
STUDDS.NS,STUDDS ACCESSORIES LTD,Studds Accessories Limited,15898773504,404.0,INR,1589.9
CAPACITE.NS,CAPACITE INFRAPROJECT LTD,Capacit'e Infraprojects Limited,15771884544,186.42,INR,1577.2
GCSL.NS,GRETEX CORPORATE SERVICES,Gretex Corporate Services Limited,15680014336,667.65,INR,1568.0
MOBIKWIK.NS,ONE MOBIKWIK SYSTEMS LTD,One MobiKwik Systems Limited,15654099968,198.79,INR,1565.4
IKIO.NS,IKIO TECHNOLOGIES LIMITED,IKIO Technologies Limited,15687211008,202.99,INR,1568.7
MBECL.NS,MCNALLY BHARAT ENGIN CO L,McNally Bharat Engineering Company Limited,15517333504,465.52,INR,1551.7
SURYODAY.NS,SURYODAY SMALL FIN BK LTD,Suryoday Small Finance Bank Limited,15499114496,145.81,INR,1549.9
NITTAGELA.NS,NITTA GELATIN INDIA LTD.,Nitta Gelatin India Limited,15487232000,1705.8,INR,1548.7
SHALBY.NS,SHALBY LIMITED,Shalby Limited,15469835264,143.88,INR,1547.0
SESHAPAPER.NS,SESHASAYEE PAPER & BOARDS,Seshasayee Paper and Boards Limited,15398717440,244.16,INR,1539.9
KPEL.NS,K.P. ENERGY LIMITED,K.P. Energy Limited,15356268544,226.5,INR,1535.6
PVP.NS,PVP VENTURES LIMITED,PVP Ventures Limited,15324755968,58.85,INR,1532.5
IPL.NS,INDIA PESTICIDES LIMITED,India Pesticides Limited,15281045504,132.69,INR,1528.1
DOLLAR.NS,DOLLAR INDUSTRIES LIMITED,Dollar Industries Limited,15225443328,268.45,INR,1522.5
MIIL.NS,MEGHNA INFRACON INFRA L,Meghna Infracon Infrastructure Limited,15096920064,694.95,INR,1509.7
KRISHNADEF.NS,KRISHNA DEF AND ALD IND L,Krishna Defence and Allied Industries Limited,15127522304,1013.0,INR,1512.8
XTRANET.NS,XTRANET TECHNOLOGIES LTD,Xtranet Technologies Limited,15031615488,287.49,INR,1503.2
HITECH.NS,HI-TECH PIPES LIMITED,Hi-Tech Pipes Limited,15000557568,74.0,INR,1500.1
TEXINFRA.NS,TEXMACO INFRA & HOLDG LTD,Texmaco Infrastructure & Holdings Limited,14911459328,117.02,INR,1491.1
ARFIN.NS,ARFIN INDIA LIMITED,Arfin India Limited,14931939328,88.5,INR,1493.2
YUKEN.NS,YUKEN INDIA LIMITED,Yuken India Limited,14888064000,1096.0,INR,1488.8
RIR.NS,RIR POWER ELECTRONICS L,Rir Power Electronics Limited,14880038912,187.0,INR,1488.0
MTNL.NS,MAHANAGAR TELEPHONE NIGAM,Mahanagar Telephone Nigam Limited,14874300416,23.61,INR,1487.4
ASIANTILES.NS,ASIAN GRANITO IND. LTD.,Asian Granito India Limited,14883059712,50.2,INR,1488.3
AMRUTANJAN.NS,AMRUTAJAN HEALTH LTD,Amrutanjan Health Care Limited,14857530368,514.1,INR,1485.8
DLINKINDIA.NS,D-LINK INDIA LTD,D-Link (India) Limited,14844576768,418.1,INR,1484.5
VIKRAN.NS,VIKRAN ENGINEERING LTD,Vikran Engineering Limited,14845359104,57.56,INR,1484.5
GPTINFRA.NS,GPT INFRAPROJECTS LTD,GPT Infraprojects Limited,14775813120,116.93,INR,1477.6
MOL.NS,MEGHMANI ORGANICS LIMITED,Meghmani Organics Limited,14709533696,57.84,INR,1471.0
JISLDVREQS.NS,JAIN DVR EQUITY SHARES,Jain Irrigation Systems Limited,14706880512,20.05,INR,1470.7
BLIL.NS,BALMER LAWRIE INVSTS. L,Balmer Lawrie Investments Limited,14694591488,66.2,INR,1469.5
SUMMITSEC.NS,SUMMIT SECURITIES LTD,Summit Securities Limited,14616169472,1335.2,INR,1461.6
TTKHLTCARE.NS,TTK HEALTHCARE LIMITED,TTK Healthcare Limited,14459569152,1023.3,INR,1446.0
ANDHRAPAP.NS,ANDHRA PAPER LIMITED,Andhra Paper Limited,14468340736,72.76,INR,1446.8
MODISONLTD.NS,MODISON LIMITED,Modison Limited,14440250368,445.0,INR,1444.0
GALAPREC.NS,GALA PRECISION ENG LTD,Gala Precision Engineering Limited,14425914368,1125.6,INR,1442.6
CLSEL.NS,CHAMAN LAL SETIA EXP LTD,Chaman Lal Setia Exports Ltd.,14407998464,289.75,INR,1440.8
5PAISA.NS,5PAISA CAPITAL LIMITED,5paisa Capital Limited,14398962688,307.15,INR,1439.9
MBEL.NS,M AND B ENGINEERING LTD,M & B Engineering Limited,14381637632,251.6,INR,1438.2
MANALIPETC.NS,MANALI PETROCHEMICALS LT,Manali Petrochemicals Limited,14353335296,83.45,INR,1435.3
CEINSYS.NS,CEINSYS TECH LIMITED,Ceinsys Tech Limited,14350672896,685.4,INR,1435.1
RSL.NS,RAJPUTANA STAINLESS LTD,Rajputana Stainless Limited,14361102336,171.85,INR,1436.1
SIGNPOST.NS,SIGNPOST INDIA LIMITED,Signpost India Limited,14313909248,267.8,INR,1431.4
HINDWAREAP.NS,HINDWARE HME INOVATON LTD,Hindware Home Innovation Limited,14295999488,170.91,INR,1429.6
BHAGYANGR.NS,BHAGYANAGAR INDIA LIMITED,Bhagyanagar India Limited,14192439296,423.7,INR,1419.2
STEELXIND.NS,STEEL EXCHANGE INDIA LTD,Steel Exchange India Limited,14222030848,11.15,INR,1422.2
MCLOUD.NS,MAGELLANIC CLOUD LIMITED,Magellanic Cloud Limited,14190627840,24.09,INR,1419.1
INDOBORAX.NS,INDO BORAX & CHEMICAL LTD,Indo Borax & Chemicals Limited,14097136640,439.3,INR,1409.7
GTLINFRA.NS,GTL INFRA.LTD,GTL Infrastructure Limited,14218446848,1.11,INR,1421.8
DCW.NS,DCW LTD,DCW Limited,14064136192,47.65,INR,1406.4
IFGLEXPOR.NS,IFGL REFRACTORIES LIMITED,IFGL Refractories Limited,13980369920,193.96,INR,1398.0
UDS.NS,UPDATER SERVICES LIMITED,Updater Services Limited,13980567552,207.01,INR,1398.1
WALCHANNAG.NS,WALCHANDNAGAR INDUSTRIES,Walchandnagar Industries Limited,13913636864,204.9,INR,1391.4
KOPRAN.NS,KOPRAN LTD,Kopran Limited,13859926016,286.8,INR,1386.0
SPMLINFRA.NS,SPML INFRA LIMITED,SPML Infra Limited,13716436992,163.0,INR,1371.6
AEROENTER.NS,AEROFLEX ENTERPRISES LTD,Aeroflex Enterprises Limited,13759634432,121.59,INR,1376.0
SHANKESH.NS,SHANKESH JEWELLERS LTD,Shankesh Jewellers Limited,13716561920,93.29,INR,1371.7
GKSL.NS,GUJARAT KIDNEY N SUP SP L,Gujarat Kidney And Super Speciality Limited,13672141824,173.41,INR,1367.2
FERMENTA.NS,FERMENTA BIOTECH LTD.,Fermenta Biotech Limited,13660149760,476.45,INR,1366.0
MANAKCOAT.NS,MAN COAT METAL & IND LTD,Manaksia Coated Metals & Industries Limited,13653423104,128.04,INR,1365.3
SUNSHINE.NS,SUNSHINE PICTURES LIMITED,Sunshine Pictures Limited,13559065600,435.3,INR,1355.9
SALSTEEL.NS,S.A.L. STEEL LTD.,S.A.L. Steel Limited,13680453632,94.5,INR,1368.0
JAGRAN.NS,JAGRAN PRAKASHAN LIMITED,Jagran Prakashan Limited,13507623936,62.06,INR,1350.8
EXPLEOSOL.NS,EXPLEO SOLUTIONS LIMITED,Expleo Solutions Limited,13500621824,869.9,INR,1350.1
ARROWGREEN.NS,ARROW GREENTECH LIMITED,Arrow Greentech Limited,13440334848,890.8,INR,1344.0
BIL.NS,BHARTIYA INTERNATIONAL,Bhartiya International Ltd.,13454664704,1003.3,INR,1345.5
AVTNPL.NS,AVT NATURAL PRODUCTS LTD,AVT Natural Products Limited,13436017664,88.23,INR,1343.6
NAVKARCORP.NS,NAVKAR CORPORATION LTD.,Navkar Corporation Limited,13283317760,88.25,INR,1328.3
BHARATSE.NS,BHARAT SEATS LIMITED,Bharat Seats Limited,13277175808,211.42,INR,1327.7
NINSYS.NS,NINTEC SYSTEMS LIMITED,NINtec Systems Limited,13274408960,714.6,INR,1327.4
PNBGILTS.NS,PNB GILTS LIMITED,PNB Gilts Ltd.,13266746368,73.7,INR,1326.7
BENARAS.NS,BENARES HOTELS LTD.,Benares Hotels Limited,13260000256,10200.0,INR,1326.0
EIMCOELECO.NS,EIMCO ELECON (INDIA) LTD,Eimco Elecon (India) Limited,13248249856,2296.7,INR,1324.8
IMPAL.NS,IND MOTOR PART & ACC LTD,India Motor Parts & Accessories Limited,13272479744,1063.5,INR,1327.2
TGVSL.NS,T G V SRAAC LTD.,TGV SRAAC Limited,13254504448,123.77,INR,1325.5
IZMO.NS,IZMO LIMITED,IZMO Limited,13165454336,878.85,INR,1316.5
JAYBARMARU.NS,JAY BHARAT MARUTI LTD,Jay Bharat Maruti Limited,13126394880,121.26,INR,1312.6
AGL.NS,ALLCARGO GLOBAL LIMITED,Allcargo Global Limited,13080829952,13.31,INR,1308.1
ONIXSOLAR.NS,ONIX SOLAR ENERGY LTD.,Onix Solar Energy Limited,13077054464,354.7,INR,1307.7
IGARASHI.NS,IGARASHI MOTORS INDIA LTD,Igarashi Motors India Limited,13074735104,415.4,INR,1307.5
DSSL.NS,DYNACONS SYS & SOLN LTD,Dynacons Systems & Solutions Limited,13063148544,1025.6,INR,1306.3
PUNJABCHEM.NS,PUNJAB CHEM & CROP PROT L,Punjab Chemicals and Crop Protection Limited,13034702848,1063.0,INR,1303.5
ALLTIME.NS,ALL TIME PLASTICS LIMITED,All Time Plastics Limited,13004604416,198.52,INR,1300.5
ANDHRSUGAR.NS,ANDHRA SUGARS LTD,The Andhra Sugars Limited,13000554496,95.92,INR,1300.1
ASALCBR.NS,ASSO ALCOHOLS & BREW LTD,Associated Alcohols & Breweries Limited,12995258368,647.2,INR,1299.5
GPTHEALTH.NS,GPT HEALTHCARE LIMITED,GPT Healthcare Limited,12973687808,158.11,INR,1297.4
SPIC.NS,SPIC LTD,Southern Petrochemical Industries Corporation Limited,12982071296,63.75,INR,1298.2
GHCLTEXTIL.NS,GHCL TEXTILES LIMITED,GHCL Textiles Limited,12886876160,134.82,INR,1288.7
GNRL.NS,GUJARAT NATURAL RES L,Gujarat Natural Resources Limited,12804311040,99.72,INR,1280.4
ANDREWYU.NS,ANDREW YULE & CO. LTD.,Andrew Yule & Company Limited,12771399680,26.12,INR,1277.1
UNIENTER.NS,UNIPHOS ENTERPRISES LTD,Uniphos Enterprises Limited,12754708480,91.7,INR,1275.5
MWL.NS,MANGALAM WORLDWIDE LTD,Mangalam Worldwide Limited,12700008448,42.76,INR,1270.0
CAPITALSFB.NS,CAPITAL SMALL FIN BANK L,Capital Small Finance Bank Limited,12652959744,278.3,INR,1265.3
GYFTR.NS,GYFTR LIMITED,Gyftr Limited,12588871680,163.9,INR,1258.9
FEDDERSHOL.NS,FEDDERS HOLDING LTD.,Fedders Holding Limited,12532102144,62.22,INR,1253.2
PASHUPATI.NS,PASHUPATI COTSPIN LIMITED,Pashupati Cotspin Limited,12467781632,78.99,INR,1246.8
ULTRAMAR.NS,ULTRAMARINE & PIGMENTS L,Ultramarine & Pigments Limited,12430440448,425.7,INR,1243.0
UGROCAP.NS,UGRO CAPITAL LIMITED,UGRO Capital Limited,12416260096,81.25,INR,1241.6
IRISDOREME.NS,IRIS CLOTHINGS LIMITED,Iris Clothings Limited,12375351296,65.02,INR,1237.5
DEN.NS,DEN NETWORKS LTD,DEN Networks Limited,12367307776,25.94,INR,1236.7
HMAAGRO.NS,HMA AGRO INDUSTRIES LTD,HMA Agro Industries Limited,12253835264,24.47,INR,1225.4
ATULAUTO.NS,ATUL AUTO LIMITED,Atul Auto Limited,12242477056,441.15,INR,1224.2
HITECHGEAR.NS,THE HI-TECH GEARS LIMITED,The Hi-Tech Gears Limited,12218913792,649.25,INR,1221.9
CENTENKA.NS,CENTURY ENKA LTD,Century Enka Limited,12186073088,557.7,INR,1218.6
RHETAN.NS,RHETAN TMT LIMITED,Rhetan TMT Limited,12152343552,15.25,INR,1215.2
IVALUE.NS,IVALUE INFOSOLUTIONS LTD,iValue Infosolutions Limited,12127944704,222.0,INR,1212.8
ONIDA.NS,ONIDA ELECTRONICS LIMITED,Onida Electronics Limited,12076170240,32.68,INR,1207.6
EKC.NS,EVEREST KANTO CYLINDERLTD,Everest Kanto Cylinder Limited,12008465408,107.02,INR,1200.8
SHRIRAMPPS.NS,SHRIRAM PROPERTIES LTD,Shriram Properties Limited,12002123776,70.33,INR,1200.2
GODAVARIB.NS,GODAVARI BIOREFINERIES L,Godavari Biorefineries Limited,11940890624,233.33,INR,1194.1
NIITLTD.NS,NIIT LIMITED,NIIT Limited,11911605248,86.95,INR,1191.2
ROTO.NS,ROTO PUMPS LIMITED,Roto Pumps Limited,11920294912,63.1,INR,1192.0
EXCELINDUS.NS,EXCEL INDUSTRIES LTD,Excel Industries Limited,11861704704,943.6,INR,1186.2
BLKASHYAP.NS,B.L.KASHYAP & SON LTD,B.L. Kashyap and Sons Limited,11808513024,52.37,INR,1180.9
ALLDIGI.NS,ALLDIGI TECH LIMITED,Alldigi Tech Limited,11823417344,775.9,INR,1182.3
ALICON.NS,ALICON CASTALLOY LIMITED,Alicon Castalloy Limited,11755172864,719.55,INR,1175.5
LINCOLN.NS,LINCOLN PHARMA LTD,Lincoln Pharmaceuticals Limited,11743429632,586.3,INR,1174.3
DOLATALGO.NS,DOLAT ALGOTECH LIMITED,Dolat Algotech Limited,11645919232,66.17,INR,1164.6
AKCAPIT.NS,A K CAPITAL SERVICES LTD.,A. K. Capital Services Limited,11616000000,1760.0,INR,1161.6
SUBEXLTD.NS,SUBEX LTD,Subex Limited,11613121536,20.93,INR,1161.3
BHARATWIRE.NS,BHARAT WIRE ROPES LTD.,Bharat Wire Ropes Limited,11580303360,168.36,INR,1158.0
SOLARWORLD.NS,SOLARWORLD ENERGY SOL LTD,Solarworld Energy Solutions Limited,11571665920,133.51,INR,1157.2
RAJRILTD.NS,RAJ RAYON INDUSTRIES LTD,Raj Rayon Industries Limited,11768578048,20.9,INR,1176.9
TNPETRO.NS,TAMILNADU PETROPRODUCTS L,Tamilnadu Petroproducts Limited,11536142336,128.22,INR,1153.6
DIGITIDE.NS,DIGITIDE SOLUTIONS LTD,Digitide Solutions Limited,11506239488,77.13,INR,1150.6
NRAIL.NS,N R AGARWAL INDS LTD,N R Agarwal Industries Limited,11440239616,672.2,INR,1144.0
BAJAJHCARE.NS,BAJAJ HEALTHCARE LIMITED,Bajaj HealthCare Limited,11496651776,341.5,INR,1149.7
MMP.NS,MMP INDUSTRIES LIMITED,MMP Industries Limited,11380370432,448.0,INR,1138.0
BALAJITELE.NS,BALAJI TELEFILMS LIMITED.,Balaji Telefilms Limited,11374702592,93.31,INR,1137.5
UTTAMSUGAR.NS,UTTAM SUGAR MILLS LTD.,Uttam Sugar Mills Limited,11336556544,297.25,INR,1133.7
PLATIND.NS,PLATINUM INDUSTRIES LTD,Platinum Industries Limited,11355717632,206.75,INR,1135.6
COMSYN.NS,COMMERCIAL SYN BAGS LTD,Commercial Syn Bags Limited,11359518720,281.6,INR,1136.0
STEL.NS,STEL HOLDINGS LIMITED,STEL Holdings Limited,11332540416,614.05,INR,1133.3
KALAMANDIR.NS,SAI SILKS (KALAMANDIR) L,Sai Silks (Kalamandir) Limited,11301742592,76.7,INR,1130.2
SULA.NS,SULA VINEYARDS LIMITED,Sula Vineyards Limited,11294817280,133.75,INR,1129.5
ASTAR.NS,ASIAN STAR CO. LTD.,Asian Star Company Limited,11236773888,702.0,INR,1123.7
THEMISMED.NS,THEMIS MEDICARE LTD.,Themis Medicare Limited,11230558208,120.91,INR,1123.1
TEMBO.NS,TEMBO GLOBAL IND LTD,Tembo Global Industries Limited,11255048192,58.15,INR,1125.5
DHAMPURSUG.NS,DHAMPUR SUGAR MILLS LTD.,Dhampur Sugar Mills Limited,11223414784,174.53,INR,1122.3
PRECAM.NS,PRECISION CAMSHAFTS LTD.,Precision Camshafts Limited,11188381696,117.79,INR,1118.8
DHANBANK.NS,DHANLAXMI BANK LIMITED,Dhanlaxmi Bank Limited,11173923840,28.31,INR,1117.4
VALIANTORG.NS,VALIANT ORGANICS LIMITED,Valiant Organics Limited,11157774336,398.0,INR,1115.8
SIGACHI.NS,SIGACHI INDUSTRIES LTD,Sigachi Industries Limited,11069126656,28.94,INR,1106.9
ONEGLOBAL.NS,ONE GLOBAL SERVICE PROV L,One Global Service Provider Limited,11095479296,547.95,INR,1109.5
ARIS.NS,ARISINFRA SOLUTIONS LTD,Arisinfra Solutions Limited,11030718464,134.86,INR,1103.1
ZSARACOM.NS,SARASWATI COMM (INDIA) L,Saraswati Commercial (India) Limited,11012980736,10049.0,INR,1101.3
NRL.NS,NUPUR RECYCLERS LIMITED,Nupur Recyclers Limited,10945362944,158.47,INR,1094.5
KAMDHENU.NS,KAMDHENU LIMITED,Kamdhenu Limited,10956791808,38.87,INR,1095.7
MATRIMONY.NS,MATRIMONY.COM LIMITED,Matrimony.com Limited,10915551232,528.0,INR,1091.6
IRMENERGY.NS,IRM ENERGY LIMITED,IRM Energy Limited,10938297344,266.4,INR,1093.8
DAMCAPITAL.NS,DAM CAPITAL ADVISORS LTD,DAM Capital Advisors Limited,10861611008,153.66,INR,1086.2
GANDHITUBE.NS,GANDHI SPL. TUBES LTD,Gandhi Special Tubes Limited,10832543744,960.0,INR,1083.3
JINDALPHOT.NS,JINDAL PHOTO LIMITED,Jindal Photo Limited,10822636544,1051.0,INR,1082.3
SYSTMTXC.NS,SYSTEMATIX CORP SERVICE L,Systematix Corporate Services Limited,10768808960,78.75,INR,1076.9
LAXMIDENTL.NS,LAXMI DENTAL LIMITED,Laxmi Dental Limited,10768604160,195.66,INR,1076.9
JYOTISTRUC.NS,JYOTI STRUCTURES LTD,Jyoti Structures Limited,10731001856,8.99,INR,1073.1
ORIENTTECH.NS,ORIENT TECHNOLOGIES LTD,Orient Technologies Limited,10696597504,233.52,INR,1069.7
MONTECARLO.NS,MONTE CARLO FASHIONS LTD.,Monte Carlo Fashions Limited,10692561920,515.75,INR,1069.3
VHL.NS,VARDHMAN HOLDINGS LIMITED,Vardhman Holdings Limited,10666113024,3342.0,INR,1066.6
MVGJL.NS,MANOJ VAIBHAV GEM N JEW L,Manoj Vaibhav Gems 'N' Jewellers Limited,10634576896,217.71,INR,1063.5
KRISHIVAL.NS,KRISHIVAL FOODS LIMITED,Krishival Foods Limited,10634463232,414.95,INR,1063.4
MUNJALAU.NS,MUNJAL AUTO IND. LTD.,Munjal Auto Industries Limited,10629000192,106.29,INR,1062.9
APEX.NS,APEX FROZEN FOODS LIMITED,Apex Frozen Foods Limited,10623437824,339.95,INR,1062.3
RUPA.NS,RUPA & COMPANY LTD,Rupa & Company Limited,10592140288,133.16,INR,1059.2
BIRLACABLE.NS,BIRLA CABLE LIMITED,Birla Cable Limited,10623000576,354.1,INR,1062.3
UNITEDPOLY.NS,UNITED POLYFAB GUJ. LTD.,United Polyfab Gujarat Limited,10564598784,46.03,INR,1056.5
AWHCL.NS,ANTONY WASTE HDG CELL LTD,Antony Waste Handling Cell Limited,10544334848,371.65,INR,1054.4
ELECTHERM.NS,ELECTROTHERM (I) LTD.,Electrotherm (India) Limited,10588641280,830.95,INR,1058.9
FINOPB.NS,FINO PAYMENTS BANK LTD,Fino Payments Bank Limited,10572065792,127.04,INR,1057.2
MICEL.NS,MIC ELECTRONICS LTD,MIC Electronics Limited,10539171840,35.38,INR,1053.9
GRPLTD.NS,GRP LIMITED,GRP Limited,10523197440,1973.1,INR,1052.3
NELCAST.NS,NELCAST LIMITED,Nelcast Limited,10451790848,119.8,INR,1045.2
HARIOMPIPE.NS,HARIOM PIPE INDUSTRIES L,Hariom Pipe Industries Limited,10457653248,337.7,INR,1045.8
SURAJEST.NS,SURAJ ESTATE DEVELOPERS L,Suraj Estate Developers Limited,10440223744,217.75,INR,1044.0
ARIHANTSUP.NS,ARIHANT SUPERSTRUCT LTD,Arihant Superstructures Limited,10423247872,241.0,INR,1042.3
GULPOLY.NS,GULSHAN POLYOLS LIMITED,Gulshan Polyols Limited,10395202560,167.17,INR,1039.5
FAZE3Q.NS,FAZE THREE LIMITED,Faze Three Limited,10364897280,427.05,INR,1036.5
RIIL.NS,RELIANCE INDUSTRIAL INFRA,Reliance Industrial Infrastructure Limited,10373699584,687.0,INR,1037.4
GREENPOWER.NS,ORIENT GREEN POWER CO LTD,Orient Green Power Company Limited,10357869568,8.83,INR,1035.8
AFSL.NS,ABANS FINANCIAL SRVCS LTD,Abans Financial Services Limited,10345454592,202.0,INR,1034.5
INDOAMIN.NS,INDO AMINES LIMITED,Indo Amines Limited,10378568704,142.98,INR,1037.9
GAYAPROJ.NS,GAYATRI PROJECTS LTD,Gayatri Projects Limited,10307438592,22.2,INR,1030.7
ICEMAKE.NS,ICE MAKE REFRIGERAT LTD,Ice Make Refrigeration Limited,10301011968,652.8,INR,1030.1
TNPL.NS,TAMILNADU NEWSPRT & PAPER,Tamil Nadu Newsprint and Papers Limited,10308227072,148.94,INR,1030.8
MASTERTR.NS,MASTER TRUST LIMITED,Master Trust Limited,10273065984,83.51,INR,1027.3
PRIMESECU.NS,PRIME SECURITIES LIMITED,Prime Securities Limited,10213567488,300.75,INR,1021.4
BOROSCI.NS,BOROSIL SCIENTIFIC LTD,Borosil Scientific Limited,10227647488,114.98,INR,1022.8
BUTTERFLY.NS,BTRFLY GANDHI APPL LTD,Butterfly Gandhimathi Appliances Limited,10166312960,568.6,INR,1016.6
SGIL.NS,SYNERGY GREEN IND. LTD,Synergy Green Industries Limited,10158337024,653.9,INR,1015.8
ARIHANT.NS,ARIHANT FOUN & HOU LTD,Arihant Foundations & Housing Limited,10135795712,933.1,INR,1013.6
SEKURITIND.NS,SAINT GOBAIN SEKUR IND L,Saint-Gobain Sekurit India Limited,10079023104,110.63,INR,1007.9
RMDRIP.NS,R M DRIP & SPRINK SYS LTD,R M Drip and Sprinklers Systems Limited,10114759680,23.62,INR,1011.5
CREST.NS,CREST VENTURES LIMITED,Crest Ventures Limited,10091953152,357.0,INR,1009.2
RSWM.NS,RSWM LIMITED,RSWM Limited,10102840320,214.49,INR,1010.3
JYOTIRES.NS,JYOTI RESINS & ADHESIVE L,Jyoti Resins and Adhesives Limited,10054199296,837.85,INR,1005.4
ARIHANTCAP.NS,ARIHANT CAPITAL MKTS LTD,Arihant Capital Markets Limited,10031726592,91.52,INR,1003.2
CENTRUM.NS,CENTRUM CAPITAL LIMITED,Centrum Capital Limited,10012107776,21.1,INR,1001.2
DVL.NS,DHUNSERI VENTURES LIMITED,Dhunseri Ventures Limited,9969795072,284.65,INR,997.0
MAMATA.NS,MAMATA MACHINERY LIMITED,Mamata Machinery Limited,9969850368,405.15,INR,997.0
JPOLYINVST.NS,JIND POL INV & FIN CO LTD,Jindal Poly Investment and Finance Company Limited,9936400384,945.25,INR,993.6
SRHHYPOLTD.NS,SREE RAYALSEEMA HHP LTD.,Sree Rayalaseema Hi-Strength Hypo Limited,9947013120,579.5,INR,994.7
SHREDIGCEM.NS,SHREE DIGVIJAY CEM CO LTD,Shree Digvijay Cement Company Limited,9913213952,67.02,INR,991.3
WEL.NS,WONDER ELECTRICALS LTD,Wonder Electricals Limited,9891130368,73.81,INR,989.1
SEPC.NS,SEPC LIMITED,SEPC Limited,9833212928,5.06,INR,983.3
VHLTD.NS,VICEROY HOTELS LIMITED,Viceroy Hotels Limited,9973975040,129.9,INR,997.4
PREMIERPOL.NS,PREMIER POLYFILM LTD,Premier Polyfilm Ltd.,9825891328,93.81,INR,982.6
DHARMAJ.NS,DHARMAJ CROP GUARD LTD,Dharmaj Crop Guard Limited,9801216000,290.0,INR,980.1
GANESHBE.NS,GANESH BENZOPLAST LIMITED,Ganesh Benzoplast Limited,9791281152,136.01,INR,979.1
EXCELSOFT.NS,EXCELSOFT TECHNOLOGIES L,Excelsoft Technologies Limited,9794812928,85.11,INR,979.5
BCLIND.NS,BCL INDUSTRIES LIMITED,BCL Industries Limited,9740389376,33.0,INR,974.0
TIRUPATIFL.NS,TIRUPATI FORGE LIMITED,Tirupati Forge Limited,9715053568,76.72,INR,971.5
NAHARSPING.NS,NAHAR SPINNING MILLS LTD.,Nahar Spinning Mills Limited,9701566464,269.0,INR,970.2
FINKURVE.NS,FINKURVE FINANCIAL SERV L,Finkurve Financial Services Limited,9648913408,68.85,INR,964.9
RAJOOENG.NS,RAJOO ENGINEERS LIMITED,Rajoo Engineers Limited,9716363264,54.38,INR,971.6
SVLL.NS,SHREE VASU LOGISTICS LTD,Shree Vasu Logistics Limited,9620227072,837.0,INR,962.0
JARO.NS,JARO INS OF TEC MG N RE L,Jaro Institute of Technology Management and Research Limited,9547315200,428.7,INR,954.7
WCIL.NS,WESTERN CARRIERS (IND) L,Western Carriers (India) Limited,9544028160,93.61,INR,954.4
MADRASFERT.NS,MADRAS FERTILISERS LTD,Madras Fertilizers Limited,9517864960,59.08,INR,951.8
CONTROLPR.NS,CONTROL PRINT LIMITED,Control Print Limited,9421390848,589.05,INR,942.1
SALZERELEC.NS,SALZER ELECTRONICS LTD,Salzer Electronics Limited,9432855552,533.45,INR,943.3
SWARAJ.NS,SWARAJ SUITING LIMITED,Swaraj Suiting Limited,9391691776,355.5,INR,939.2
SRM.NS,SRM CONTRACTORS LIMITED,SRM Contractors Limited,9400864768,409.65,INR,940.1
UNIECOM.NS,UNICOMMERCE ESOLUTIONS L,Unicommerce eSolutions Limited,9315109888,82.89,INR,931.5
GKWLIMITED.NS,GKW LIMITED,GKW Limited,9285663744,1556.3,INR,928.6
AMNPLST.NS,AMINES & PLASTICIZERS LTD,Amines & Plasticizers Limited,9218600960,167.55,INR,921.9
SWELECTES.NS,SWELECT ENERGY SYS LTD,Swelect Energy Systems Limited,9191237632,591.6,INR,919.1
LGHL.NS,LAXMI GOLDORNA HOUSE LTD,Laxmi Goldorna House Limited,9176956928,183.2,INR,917.7
WAAREEINDO.NS,INDOSOLAR LIMITED,Indosolar Limited,9125770240,219.35,INR,912.6
ZUARI.NS,ZUARI AGRO CHEMICALS LTD,Zuari Agro Chemicals Limited,9115232256,216.73,INR,911.5
ANUHPHR.NS,ANUH PHARMA LIMITED,Anuh Pharma Limited,9082299392,90.62,INR,908.2
HEALTHX.NS,HEALTH X PLATFORM LIMITED,Health X Platform Limited,9065992192,285.0,INR,906.6
SUDARCOLOR.NS,SUDARSHAN COLORNT IND LTD,Sudarshan Colorants India Limited,9000747008,389.95,INR,900.1
PDMJEPAPER.NS,PUDUMJEE PAPER PRO. LTD,Pudumjee Paper Products Limited,9018351616,94.98,INR,901.8
CONSOFINVT.NS,CONSO. FIN. & HOLD. LTD.,Consolidated Finvest & Holdings Limited,8986729472,278.0,INR,898.7
WELINV.NS,WELSPUN INV & COMM LTD,Welspun Investments and Commercials Limited,8986684416,2451.0,INR,898.7
REGAAL.NS,REGAAL RESOURCES LIMITED,Regaal Resources Limited,8983123968,87.22,INR,898.3
ESTER.NS,ESTER INDUSTRIES LTD,Ester Industries Limited,8878636032,85.13,INR,887.9
BSHSL.NS,BOMBAY SUPER HYBRID SEEDS,Bombay Super Hybrid Seeds Limited,8908125184,84.89,INR,890.8
WEALTH.NS,WEALTH FRST PORT. MG. LTD,Wealth First Portfolio Managers Limited,8835126272,829.2,INR,883.5
LIKHITHA.NS,LIKHITHA INFRASTRUC LTD,Likhitha Infrastructure Limited,8877807616,224.91,INR,887.8
VADILENT.NS,VADILAL ENTERPRISES LTD.,Vadilal Enterprises Limited,8799213568,10200.0,INR,879.9
OCCLLTD.NS,OCCL LIMITED,OCCL Limited,8789282816,175.96,INR,878.9
AMBIKCO.NS,AMBIKA COTTON MILL LTD.,Ambika Cotton Mills Limited,8778142720,1533.3,INR,877.8
SGRL.NS,SHREE GANESH REMEDIES LTD,Shree Ganesh Remedies Limited,8758466560,682.25,INR,875.8
KRYSTAL.NS,KRYSTAL INTEGRATED SER L,Krystal Integrated Services Limited,8739456000,625.5,INR,873.9
KANORICHEM.NS,KANORIACHEMICALS-,Kanoria Chemicals & Industries Limited,8607586304,197.0,INR,860.8
HEXATRADEX.NS,HEXA TRADEX LIMITED,Hexa Tradex Limited,8596076544,155.6,INR,859.6
NEUEON.NS,NEUEON CORPORATION LTD,Neueon Corporation Limited,8538227200,15.1,INR,853.8
PROZONER.NS,PROZONE REALTY LIMITED,Prozone Realty Limited,8519819264,55.83,INR,852.0
CIFL.NS,CAPITAL INDIA FINANCE LTD,Capital India Finance Limited,8505474048,21.75,INR,850.5
FAIRCHEMOR.NS,FAIRCHEM ORGANICS LIMITED,Fairchem Organics Limited,8464445952,672.0,INR,846.4
HIMATSEIDE.NS,HIMATSINGKA SEIDE LTD,Himatsingka Seide Limited,8458683392,67.27,INR,845.9
BAFNAPH.NS,BAFNA PHARMACEUTICALS LTD,Bafna Pharmaceuticals Limited,8446494720,357.05,INR,844.6
PANACHE.NS,PANACHE DIGILIFE LIMITED,Panache Digilife Limited,8407349760,525.0,INR,840.7
MAFATIND.NS,MAFATLAL INDUSTRIES LTD.,Mafatlal Industries Limited,8405235712,116.45,INR,840.5
ZUARIIND.NS,ZUARI INDUSTRIES LIMITED,Zuari Industries Limited,8362555904,280.8,INR,836.3
ROHLTD.NS,ROYAL ORCHID HOTELS LTD,Royal Orchid Hotels Limited,8331780096,303.8,INR,833.2
ORICONENT.NS,ORICON ENTERPRISES LTD,Oricon Enterprises Limited,8278660096,52.4,INR,827.9
GEMAROMA.NS,GEM AROMATICS LIMITED,Gem Aromatics Limited,8201230336,157.0,INR,820.1
GAUDIUMIVF.NS,GAUDIUM IVF N WOMEN H L,Gaudium IVF and Women Health Limited,8210360320,112.8,INR,821.0
STERTOOLS.NS,STERLING TOOLS LIMITED,Sterling Tools Limited,8203663360,225.72,INR,820.4
DBOL.NS,DHAMPUR BIO ORGANICS LTD,Dhampur Bio Organics Limited,8197258240,124.6,INR,819.7
SUMEETINDS.NS,SUMEET IND LIMITED,Sumeet Industries Limited,8149411328,11.73,INR,814.9
PROSTARM.NS,PROSTARM INFO SYSTEMS LTD,Prostarm Info Systems Limited,8172971520,138.82,INR,817.3
PARIN.NS,PARIN ENTERPRISES LIMITED,Parin Enterprises Limited,8174509568,735.25,INR,817.5
MAXIND.NS,MAX INDIA LIMITED,Max India Limited,8167625216,145.02,INR,816.8
RADHIKAJWE.NS,RADHIKA JEWELTECH LIMITED,Radhika Jeweltech Limited,8168448512,69.15,INR,816.8
DWARKESH.NS,DWARIKESH SUGAR IND LTD,Dwarikesh Sugar Industries Limited,8153264640,44.0,INR,815.3
CHEMCON.NS,CHEMCON SPECIAL CHEM LTD,Chemcon Speciality Chemicals Limited,8128352256,221.9,INR,812.8
SADHNANIQ.NS,SADHANA NITROCHEM LIMITED,Sadhana Nitro Chem Limited,8126280704,2.68,INR,812.6
MUKKA.NS,MUKKA PROTEINS LIMITED,Mukka Proteins Limited,8016000000,26.72,INR,801.6
ORIRAIL.NS,ORIENTAL RAIL INFRA L,Oriental Rail Infrastructure Limited,8093350912,120.69,INR,809.3
EMKAY.NS,EMKAY GLOBAL FIN SERV LTD,Emkay Global Financial Services Limited,8018830336,287.15,INR,801.9
KRONOX.NS,KRONOX LAB SCIENCES LTD,Kronox Lab Sciences Limited,8047857152,216.9,INR,804.8
NCLIND.NS,NCL INDUSTRIES LIMITED,NCL Industries Limited,8045104640,177.86,INR,804.5
SALASAR.NS,SALASAR TECHNO ENGG. LTD.,Salasar Techno Engineering Limited,8040571392,4.6,INR,804.1
VASCONEQ.NS,VASCON ENGINEERS LTD,Vascon Engineers Limited,8074154496,34.76,INR,807.4
KECL.NS,KIRLOSKAR ELECTRIC CO LTD,Kirloskar Electric Company Limited,8012193792,120.64,INR,801.2
IFBAGRO.NS,IFB AGRO INDUSTRIES LTD,IFB Agro Industries Limited,7962512384,850.05,INR,796.3
SCODATUBES.NS,SCODA TUBES LIMITED,Scoda Tubes Limited,7942123520,132.57,INR,794.2
STANLEY.NS,STANLEY LIFESTYLES LTD,Stanley Lifestyles Limited,7933612544,138.88,INR,793.4
RITCO.NS,RITCO LOGISTICS LIMITED,Ritco Logistics Limited,7907683840,277.75,INR,790.8
SARLAPOLY.NS,SARLA PERF. FIBERS LTD,Sarla Performance Fibers Limited,7903393280,99.41,INR,790.3
NDTV.NS,NDTV LTD,New Delhi Television Limited,7841317888,69.5,INR,784.1
ECORECO.NS,ECO RECYCLING LTD.,Eco Recycling Limited,7891406336,408.95,INR,789.1
ADVANCE.NS,ADVANCE AGROLIFE LIMITED,Advance Agrolife Limited,7875643904,122.51,INR,787.6
HEXAGON.NS,HEXAGON NUTRITION LIMITED,Hexagon Nutrition Limited,7866759168,64.0,INR,786.7
ABINFRA.NS,A B INFRABUILD LIMITED,A B Infrabuild Limited,7850721280,12.29,INR,785.1
QUICKHEAL.NS,QUICK HEAL TECH LTD,Quick Heal Technologies Limited,7852844544,144.69,INR,785.3
SEJALLTD.NS,SEJAL GLASS LIMITED,Sejal Glass Limited,7828264448,667.7,INR,782.8
SUPREMEINF.NS,SUPREME INFRA. LTD.,Supreme Infrastructure India Limited,7825571840,80.26,INR,782.6
SANDESH.NS,SANDESH LTD,The Sandesh Limited,7796503552,1030.0,INR,779.7
KOTHARIPET.NS,KOTHARI PETROCHEM LTD,Kothari Petrochemicals Limited,7782436352,132.25,INR,778.2
WANBURY.NS,WANBURY LIMITED,Wanbury Limited,7790631424,222.8,INR,779.1
KILITCH.NS,KILITCH DRUGS INDIA LTD,Kilitch Drugs (India) Limited,7743986176,221.5,INR,774.4
VISAKAIND.NS,VISAKA INDUSTRIES LTD,Visaka Industries Limited,7733225984,89.5,INR,773.3
MAGADSUGAR.NS,MAGADH SUGAR & ENERGY LTD,Magadh Sugar & Energy Limited,7722213376,548.0,INR,772.2
DECCANCE.NS,DECCAN CEMENTS LIMITED,Deccan Cements Limited,7650896896,546.2,INR,765.1
DMCC.NS,DMCC SPECIALITY CHEMICALS,DMCC Speciality Chemicals Limited,7617902592,305.45,INR,761.8
GEECEE.NS,GEECEE VENTURES LIMITED,GeeCee Ventures Limited,7601413120,363.5,INR,760.1
RBZJEWEL.NS,RBZ JEWELLERS LIMITED,RBZ Jewellers Limited,7596400128,189.91,INR,759.6
KOKUYOCMLN.NS,KOKUYO CAMLIN LIMITED,Kokuyo Camlin Limited,7515764224,74.93,INR,751.6
SOLEX.NS,SOLEX ENERGY LIMITED,Solex Energy Limited,7552560640,699.15,INR,755.3
PRECOT.NS,PRECOT LIMITED,Precot Limited,7548000256,629.0,INR,754.8
20MICRONS.NS,20 MICRONS LTD,20 Microns Limited,7540725760,213.7,INR,754.1
OMINFRAL.NS,OM INFRA LIMITED,Om Infra Limited,7532883968,78.22,INR,753.3
ELDEHSG.NS,ELDECO HSG & IND LTD.,Eldeco Housing and Industries Limited,7512412160,764.0,INR,751.2
BORANA.NS,BORANA WEAVES LIMITED,Borana Weaves Limited,7508643840,281.8,INR,750.9
ISTLTD.NS,I S T LTD.,IST Limited,7486609920,641.85,INR,748.7
ARYAMAN.NS,ARYAMAN FINANCIAL SERV L,Aryaman Financial Services Limited,7470669824,610.0,INR,747.1
SUYOG.NS,SUYOG TELEMATICS LIMITED,Suyog Telematics Limited,7463805440,637.0,INR,746.4
MEIL.NS,MANGAL ELECTRICAL IND L,Mangal Electrical Industries Limited,7453225984,269.75,INR,745.3
JSIPL.NS,JINDAL SUPREME (INDIA) L,,7441817088,145.85,INR,744.2
VLSFINANCE.NS,VLS FINANCE LTD,VLS Finance Limited,7416347648,236.35,INR,741.6
MERCURYEV.NS,MERCURY EV-TECH LIMITED,Mercury Ev-Tech Limited,7388051968,38.89,INR,738.8
HERANBA.NS,HERANBA INDUSTRIES LTD,Heranba Industries Limited,7382484992,184.5,INR,738.2
ATL.NS,ALLCARGO TERMINALS LTD,Allcargo Terminals Limited,7354855424,25.2,INR,735.5
UGARSUGAR.NS,THE UGAR SUGAR WORKS LTD,The Ugar Sugar Works Limited,7332749824,65.18,INR,733.3
SPECIALITY.NS,SPECIALITY REST LTD,Speciality Restaurants Limited,7331819520,152.0,INR,733.2
VIVIANA.NS,VIVIANA POWER TECH LTD,Viviana Power Tech Limited,7327318016,723.7,INR,732.7
ZIMLAB.NS,ZIM LABORATORIES LIMITED,ZIM Laboratories Limited,7304088064,136.4,INR,730.4
GICHSGFIN.NS,GIC HOUSING FINANCE LTD,GIC Housing Finance Limited,7287126528,135.32,INR,728.7
SICALLOG.NS,SICAL LOGISTICS LIMITED,Sical Logistics Limited,7260423168,91.0,INR,726.0
TRANSPEK.NS,TRANSPEK INDUSTRIES LTD,Transpek Industry Limited,7256212480,1299.1,INR,725.6
MANAKSTEEL.NS,MANAKSIA STEELS LTD,Manaksia Steels Limited,7230371840,110.33,INR,723.0
DENTA.NS,DENTA WATER N INFRA SOL L,Denta Water and Infra Solutions Limited,7207665152,269.95,INR,720.8
RAMASTEEL.NS,RAMA STEEL TUBES LIMITED,Rama Steel Tubes Limited,7198580224,4.4,INR,719.9
LOKESHMACH.NS,LOKESH MACHINES LTD,Lokesh Machines Limited,7191844352,329.95,INR,719.2
LOTUSCHO.NS,LOTUS CHOCOLATE CO. LTD.,Lotus Chocolate Company Limited,7173009408,558.6,INR,717.3
TVSELECT.NS,TVS ELECTRONICS LTD,TVS Electronics Limited,7177972224,381.4,INR,717.8
RAJPALAYAM.NS,RAJAPALAYAM MILLS LTD.,Rajapalayam Mills Limited,7136434688,774.0,INR,713.6
AMANTA.NS,AMANTA HEALTHCARE LIMITED,Amanta Healthcare Limited,7109654528,183.1,INR,711.0
EMAMIPAP.NS,EMAMI PAPER MILLS LIMITED,Emami Paper Mills Limited,7105008128,117.44,INR,710.5
MODIS.NS,MODIS NAVNIRMAN LTD,Modi's Navnirman Limited,7072423424,361.0,INR,707.2
JITFINFRA.NS,JITF INFRALOGISTICS LTD,JITF Infralogistics Limited,7041530368,273.95,INR,704.2
PVSL.NS,POPULAR VEHICLES N SER L,Popular Vehicles and Services Limited,6996646912,98.27,INR,699.7
SHIVAUM.NS,SHIV AUM STEELS LIMITED,Shiv Aum Steels Limited,6974284800,512.8,INR,697.4
MANBA.NS,MANBA FINANCE LIMITED,Manba Finance Limited,6966698496,138.67,INR,696.7
KELLTONTEC.NS,KELLTON TECH SOL LTD,Kellton Tech Solutions Limited,6961743360,13.19,INR,696.2
DCMSIL.NS,DCM SHRIRAM INTERNATNL L,DCM Shriram International Limited,6950675456,79.9,INR,695.1
JAYAGROGN.NS,JAYANT AGRO ORGANICS LTD,Jayant Agro-Organics Limited,6944399872,231.48,INR,694.4
BAJAJINDEF.NS,INDEF MANUFACTURING LTD,Indef Manufacturing Limited,6937280000,216.79,INR,693.7
TREL.NS,TRANSINDIA REAL ESTATE L,Transindia Real Estate Limited,6923699712,28.18,INR,692.4
SREEL.NS,SREELEATHERS LIMITED,Sreeleathers Limited,6900193792,298.0,INR,690.0
CHEVIOT.NS,CHEVIOT COMPANY LIMITED,Cheviot Company Limited,6893996544,1180.1,INR,689.4
ADSL.NS,ALLIED DIGITAL SERV. LTD,Allied Digital Services Limited,6890413056,121.63,INR,689.0
ASAL.NS,AUTOMOTIVE STAMPINGS & AS,Automotive Stampings and Assemblies Limited,6883561984,433.9,INR,688.4
GLOBAL.NS,GLOBAL EDUCATION LIMITED,Global Education Limited,6842179584,134.42,INR,684.2
KAMATHOTEL.NS,KAMAT HOTELS (I) LTD,Kamat Hotels (India) Limited,6853821952,232.49,INR,685.4
KUANTUM.NS,KUANTUM PAPERS LIMITED,Kuantum Papers Limited,6836232704,78.34,INR,683.6
SOFTTECH.NS,SOFTTECH ENGINEERS LTD,SoftTech Engineers Limited,6817252864,492.5,INR,681.7
PRIMO.NS,PRIMO CHEMICALS LIMITED,Primo Chemicals Limited,6797727232,28.05,INR,679.8
PATELRMART.NS,PATEL RETAIL LIMITED,Patel Retail Limited,6788323328,203.24,INR,678.8
EVERESTIND.NS,EVEREST INDUSTRIES LTD,Everest Industries Limited,6784676864,427.9,INR,678.5
VALIANTLAB.NS,VALIANT LABORATORIES LTD,Valiant Laboratories Limited,6653281280,122.5,INR,665.3
DPSCLTD.NS,DPSC LIMITED,India Power Corporation Limited,6728886272,6.91,INR,672.9
XCHANGING.NS,XCHANGING SOLUTIONS LTD,Xchanging Solutions Limited,6727670272,60.39,INR,672.8
TUTIALKA.NS,TUTICORIN ALKAL CH & FE L,Tuticorin Alkali Chemicals and Fertilizers Limited,6702189056,55.01,INR,670.2
SATIA.NS,SATIA INDUSTRIES LIMITED,Satia Industries Limited,6700000256,67.0,INR,670.0
BLAL.NS,BEML LAND ASSETS LIMITED,BEML Land Assets Limited,6698934272,160.86,INR,669.9
ADVENTHTL.NS,ADVENT HOTELS INTERNATI L,Advent Hotels International Limited,6688918016,124.0,INR,668.9
CHEMBONDCH.NS,CHEMBOND CHEMICAL LIMITED,Chembond Chemicals Limited,6678419968,248.3,INR,667.8
ZFSTEERING.NS,Z F STEERING GEAR (I) LTD,ZF Steering Gear (India) Limited,6626230784,730.3,INR,662.6
SCPL.NS,SHEETAL COOL PRODUCTS LTD,Sheetal Cool Products Limited,6615000064,630.0,INR,661.5
SHIVALIK.NS,SHIVALIK RASAYAN LIMITED,Shivalik Rasayan Limited,6628581376,413.45,INR,662.9
BIRLAMONEY.NS,ADITYA BIRLA MONEY LTD,Aditya Birla Money Limited,6605925376,116.9,INR,660.6
EIFFL.NS,EURO (I) FRESH FOODS LTD,Euro India Fresh Foods Limited,6604239872,266.3,INR,660.4
PASUPTAC.NS,PASUPATI ACRYLON LIMITED,Pasupati Acrylon Limited,6569110528,73.7,INR,656.9
PRAVEG.NS,PRAVEG LTD.,Praveg Limited,6553472512,250.7,INR,655.3
INDOFARM.NS,INDO FARM EQUIPMENT LTD,Indo Farm Equipment Limited,6483121664,134.92,INR,648.3
STCINDIA.NS,THE STATE TRADING CORPN,The State Trading Corporation of India Limited,6485399552,108.09,INR,648.5
GANESHCP.NS,GANESH CONSUMER PRODUCT L,Ganesh Consumer Products Limited,6424041984,158.96,INR,642.4
SHALPAINTS.NS,SHALIM PAINTS LTD,Shalimar Paints Limited,6403905024,76.5,INR,640.4
BESTAGRO.NS,BEST AGROLIFE LIMITED,Best Agrolife Limited,6384079872,18.0,INR,638.4
ECOSMOBLTY.NS,ECOS (INDIA) MOB & HOSP L,Ecos (India) Mobility & Hospitality Limited,6372599808,106.21,INR,637.3
FABTECH.NS,FABTECH TECHNOLOGIES LTD,Fabtech Technologies Limited,6365798400,143.21,INR,636.6
HARDWYN.NS,HARDWYN INDIA LIMITED,Hardwyn India Limited,6366249984,9.31,INR,636.6
COFFEEDAY.NS,COFFEE DAY ENTERPRISE LTD,Coffee Day Enterprises Limited,6326988800,29.95,INR,632.7
TVTODAY.NS,TV TODAY NETWORK LTD,T.V. Today Network Limited,6278331904,105.22,INR,627.8
ONWARDTEC.NS,ONWARD TECHNOLOGIES LTD,Onward Technologies Limited,6296697344,287.0,INR,629.7
KANPRPLA.NS,KANPUR PLASTIPACK LIMITED,Kanpur Plastipack Limited,6215207424,253.9,INR,621.5
LAXMIINDIA.NS,LAXMI INDIA FINANCE LTD,Laxmi India Finance Limited,6213295104,118.59,INR,621.3
GTPL.NS,GTPL HATHWAY LIMITED,GTPL Hathway Limited,6187716608,55.02,INR,618.8
PPL.NS,PRAKASH PIPES LIMITED,Prakash Pipes Limited,6177915392,258.25,INR,617.8
SUTLEJTEX.NS,SUTLEJ TEXT & INDUS LTD,Sutlej Textiles and Industries Limited,6159258624,37.1,INR,615.9
GFLLIMITED.NS,GFL LIMITED,GFL Limited,6175152128,56.24,INR,617.5
SAURASHCEM.NS,SAURASHTRA CEMENT LIMITED,Saurashtra Cement Limited,6163879424,55.38,INR,616.4
SOUTHWEST.NS,SOUTH WEST PINNACLE LTD,South West Pinnacle Exploration Limited,6128345600,187.69,INR,612.8
INNOVANA.NS,INNOVANA THINKLABS LTD,Innovana Thinklabs Limited,6115359744,296.0,INR,611.5
ARIES.NS,ARIES AGRO LTD.,Aries Agro Limited,6108137984,469.7,INR,610.8
MAANALU.NS,MAAN ALUMINIUM LIMITED,Maan Aluminium Limited,6152647680,102.57,INR,615.3
AHLWEST.NS,ASIAN HOTELS (WEST) LTD,Asian Hotels (West) Limited,6059211776,520.05,INR,605.9
UNIVPHOTO.NS,UNIVERSUS IMAGINGS LTD,Universus Photo Imagings Limited,6049640960,552.65,INR,605.0
GLOSTERLTD.NS,GLOSTER LIMITED,Gloster Limited,6018792960,550.0,INR,601.9
GLOTTIS.NS,GLOTTIS LIMITED,Glottis Limited,6012663296,65.07,INR,601.3
INNOVISION.NS,INNOVISION LIMITED,Innovision Limited,6015238144,252.6,INR,601.5
DHUNINV.NS,DHUNSERI INVESTMENTS LTD,Dhunseri Investments Limited,5962735104,977.95,INR,596.3
SHREERAMA.NS,SHREE RAMA MULTI TECH LTD,Shree Rama Multi-Tech Limited,5941996032,44.52,INR,594.2
CCCL.NS,CONS. CONST. CONSORT LTD,Consolidated Construction Consortium Limited,5941900800,13.3,INR,594.2
KSOLVES.NS,KSOLVES INDIA LIMITED,Ksolves India Limited,5941960192,250.5,INR,594.2
MAWANASUG.NS,MAWANA SUGARS LIMITED,Mawana Sugars Limited,5940286976,151.86,INR,594.0
PYRAMID.NS,PYRAMID TECHNOPLAST LTD,Pyramid Technoplast Limited,5900786688,160.0,INR,590.1
AGARIND.NS,AGARWAL INDS CORP LTD.,Agarwal Industrial Corporation Limited,5894864896,394.1,INR,589.5
DICIND.NS,DIC INDIA LIMITED,DIC India Limited,5893362176,642.05,INR,589.3
MALLCOM.NS,MALLCOM (INDIA) LIMITED,Mallcom (India) Limited,5878080000,942.0,INR,587.8
ORIENTBELL.NS,ORIENT BELL LIMITED,Orient Bell Limited,5839323648,396.95,INR,583.9
MOLDTECH.NS,MOLD-TEK TECHNOLOGIES LTD,Mold-Tek Technologies Limited,5804231168,201.5,INR,580.4
ORBTEXP.NS,ORBIT EXPORTS LIMITED,Orbit Exports Limited,5790194688,226.0,INR,579.0
HITECHCORP.NS,HITECH CORPORATION LTD,Hitech Corporation Limited,5771893760,336.05,INR,577.2
SPELS.NS,SPEL SEMICONDUCTOR LTD,SPEL Semiconductor Limited,5759607808,124.89,INR,576.0
SHRJAGP.NS,SHRI JAGDAMBA POLYMERS L,Shri Jagdamba Polymers Limited,5754006016,657.0,INR,575.4
SNOWMAN.NS,SNOWMAN LOGISTICS LTD.,Snowman Logistics Limited,5735400448,34.3,INR,573.5
SAYAJIHOTL.NS,SAYAJI HOTELS LTD.,Sayaji Hotels Limited,5728378368,327.0,INR,572.8
MAZDA.NS,MAZDA LIMITED,Mazda Limited,5715134976,285.4,INR,571.5
KSE.NS,KSE LTD.,KSE Limited,5711680000,178.49,INR,571.2
ORIENTCER.NS,ORIENT CERATECH LIMITED,Orient Ceratech Limited,5679272960,47.47,INR,567.9
NBIFIN.NS,N.B.I. IND. FIN. CO. LTD,N.B.I. Industrial Finance Company Limited,5673902592,1920.2,INR,567.4
HINDCOMPOS.NS,HINDUSTAN COMPOSITES LTD.,Hindustan Composites Limited,5611481600,379.95,INR,561.1
VAKRANGEE.NS,VAKRANGEE LIMITED,Vakrangee Limited,5580562432,5.15,INR,558.1
NAHARINDUS.NS,NAHAR INDS ENT LTD,Nahar Industrial Enterprises Limited,5589505536,129.37,INR,559.0
HAZOOR.NS,HAZOOR MULTI PROJECTS LTD,Hazoor Multi Projects Limited,5527138816,19.18,INR,552.7
PRIORITY.NS,PRIORITY JEWELS LIMITED,,5569379840,309.41,INR,556.9
BIGBLOC.NS,BIGBLOC CONSTRUCTION LTD,Bigbloc Construction Limited,5549769216,39.2,INR,555.0
SONA.NS,SONASELECTION INDIA LTD,Sonaselection India Limited,5509540352,96.95,INR,551.0
NAHARPOLY.NS,NAHAR POLY FILMS LIMITED,Nahar Poly Films Limited,5457550848,221.96,INR,545.8
ONMOBILE.NS,ONMOBILE GLOBAL LTD.,OnMobile Global Limited,5467043840,51.42,INR,546.7
HTMEDIA.NS,HT MEDIA LIMITED,HT Media Limited,5438334464,23.51,INR,543.8
LINC.NS,LINC LIMITED,Linc Limited,5403108864,90.8,INR,540.3
CEWATER.NS,CONCORD ENVIRO SYSTEMS L,Concord Enviro Systems Limited,5408960512,261.35,INR,540.9
PENINLAND.NS,PENINSULA LAND LIMITED,Peninsula Land Limited,5390583808,16.25,INR,539.1
DHABRIYA.NS,DHABRIYA POLYWOOD LTD.,Dhabriya Polywood Limited,5282231808,488.0,INR,528.2
PLASTIBLEN.NS,PLASTIBLENDS INDIA LTD,Plastiblends India Limited,5267231232,202.67,INR,526.7
MGEL.NS,MANGALAM GLOBAL ENT LTD,Mangalam Global Enterprise Limited,5246524928,15.92,INR,524.7
HMVL.NS,HINDUSTAN MEDIA VENT LTD,Hindustan Media Ventures Limited,5230680064,71.0,INR,523.1
VIRAT.NS,VIRAT INDUSTRIES LTD.,Brahm Virat Industries Corporation Limited,5283590656,363.8,INR,528.4
APTECHT.NS,APTECH LIMITED,Aptech Limited,5226633728,90.11,INR,522.7
DCI.NS,DC INFOTECH AND COMUN LTD,DC Infotech and Communication Limited,5154519552,314.3,INR,515.5
KNAGRI.NS,KN AGRI RESOURCES LIMITED,KN Agri Resources Limited,5162274816,206.5,INR,516.2
MUNJALSHOW.NS,MUNJAL SHOWA LTD,Munjal Showa Limited,5146556416,128.68,INR,514.7
TPLPLASTEH.NS,TPL PLASTECH LIMITED,TPL Plastech Limited,5072535040,65.03,INR,507.3
INTLCONV.NS,INTL CONVEYORS LIMITED,International Conveyors Limited,5113960448,80.18,INR,511.4
SCHAND.NS,S CHAND AND COMPANY LTD,S Chand And Company Limited,5082723328,144.1,INR,508.3
CSM.NS,CSM TECHNOLOGIES LIMITED,CSM Technologies Limited,5074169344,98.33,INR,507.4
CHEMFAB.NS,CHEMFAB ALKALIS LIMITED,Chemfab Alkalis Limited,5069604864,352.7,INR,507.0
OSWALGREEN.NS,OSWAL GREENTECH LIMITED,Oswal Greentech Limited,5048867840,19.66,INR,504.9
PTL.NS,PTL ENTERPRISES LTD,PTL Enterprises Limited,5023707136,37.95,INR,502.4
3IINFOLTD.NS,3I INFOTECH LIMITED,3i Infotech Limited,4980047872,24.0,INR,498.0
SUKHJITS.NS,SUKHJIT STARCH & CHEM LTD,The Sukhjit Starch & Chemicals Limited,4986229760,159.59,INR,498.6
IL&FSENGG.NS,IL&FS ENG AND CONS CO LTD,IL&FS Engineering and Construction Company Limited,4985223680,38.02,INR,498.5
MINDTECK.NS,MINDTECK (INDIA) LIMITED,Mindteck (India) Limited,4971437568,155.58,INR,497.1
ALBERTDAVD.NS,ALBERT DAVID LIMITED,Albert David Limited,4930417152,863.9,INR,493.0
KAVDEFENCE.NS,KAVVERI DFS & WIR TEC LTD,Kavveri Defence & Wireless Technologies Limited,4870065152,81.0,INR,487.0
PANSARI.NS,PANSARI DEVELOPERS LTD,Pansari Developers Limited,4929593344,282.55,INR,493.0
UNIVASTU.NS,UNIVASTU INDIA LIMITED,Univastu India Limited,4858213888,135.0,INR,485.8
KDGREEN.NS,KD GREEN INDUSTRIES LTD,KD Green Industries Limited,4911077888,48.38,INR,491.1
URJA.NS,URJA GLOBAL LIMITED,Urja Global Limited,4858836480,8.72,INR,485.9
SHARDUL.NS,SHARDUL SECURITIES LTD.,Shardul Securities Limited,4855815168,55.5,INR,485.6
REPRO.NS,REPRO INDIA LIMITED,Repro India Limited,4856613888,338.55,INR,485.7
VISACHROME.NS,VISA CHROME LIMITED,VISA Chrome Limited,4828548096,33.12,INR,482.9
ZEEMEDIA.NS,ZEE MEDIA CORPORATION LTD,Zee Media Corporation Limited,4823954944,7.36,INR,482.4
THEINVEST.NS,THE INVEST TRUST OF IND L,The Investment Trust of India Limited,4870019584,93.22,INR,487.0
AZADIND.NS,AZAD INDIA MOBILITY LTD.,Azad India Mobility Limited,4811685376,88.38,INR,481.2
IRIS.NS,IRIS REGTECH SOLUTION LTD,IRIS RegTech Solutions Limited,4790550528,232.91,INR,479.1
CSLFINANCE.NS,CSL FINANCE LIMITED,CSL Finance Limited,4771844096,212.2,INR,477.2
UNIDT.NS,UNITED DRILLING TOOLS LTD,United Drilling Tools Limited,4750931456,234.0,INR,475.1
KHAICHEM.NS,KHAITAN CHEM & FERT LTD,Khaitan Chemicals and Fertilizers Limited,4729193472,48.76,INR,472.9
BBTCL.NS,B&B TRIPLEWALL CONT LTD,B&B Triplewall Containers Limited,4738096640,231.0,INR,473.8
SILINV.NS,SIL INVESTMENTS LIMITED,SIL Investments Limited,4705091584,444.05,INR,470.5
RUSHIL.NS,RUSHIL DECOR LIMITED,Rushil Décor Limited,4694669312,16.0,INR,469.5
ENIL.NS,ENTERTAIN NET. IND. LTD.,Entertainment Network (India) Limited,4703640064,98.67,INR,470.4
ASAHISONG.NS,ASAHI SONGWON COLOR LTD,Asahi Songwon Colors Limited,4683079168,397.3,INR,468.3
MOMSBELIEF.NS,RAYS OF BELIEF LIMITED,,4661074944,223.0,INR,466.1
KAYA.NS,KAYA LIMITED,Kaya Limited,4651205120,306.25,INR,465.1
SIGMA.NS,SIGMA SOLVE LIMITED,Sigma Solve Limited,4624873984,45.0,INR,462.5
MUFTI.NS,CREDO BRANDS MARKETING L,Credo Brands Marketing Limited,4622709248,70.69,INR,462.3
MCLEODRUSS.NS,MCLEOD RUSSEL INDIA LTD.,McLeod Russel India Limited,4627388928,44.3,INR,462.7
RAMANEWS.NS,SHREE RAMA NEWSPRINT LTD,Shree Rama Newsprint Limited,4605230592,30.6,INR,460.5
AQYLON.NS,AQYLON NEXUS LIMITED,Aqylon Nexus Limited,4567150080,18.0,INR,456.7
MANCREDIT.NS,MANGAL CREDIT N FINCORP L,Mangal Credit and Fincorp Limited,4589547008,217.37,INR,459.0
OSWALAGRO.NS,OSWAL AGRO MILLS LTD,Oswal Agro Mills Limited,4534232064,33.7,INR,453.4
BMWVENTLTD.NS,BMW VENTURES LIMITED,BMW Ventures Limited,4540397568,52.36,INR,454.0
MODINATUR.NS,MODI NATURALS LIMITED,Modi Naturals Limited,4511533568,339.05,INR,451.2
REMSONSIND.NS,REMSONS INDUSTRIES LTD,Remsons Industries Limited,4498886656,128.29,INR,449.9
HALEOSLABS.NS,HALEOS LABS LIMITED,Haleos Labs Limited,4505302016,1490.2,INR,450.5
MEDICAMEQ.NS,MEDICAMEN BIOTECH LIMITED,Medicamen Biotech Limited,4474372608,329.9,INR,447.4
RKSWAMY.NS,R K SWAMY LIMITED,R K Swamy Limited,4459663872,88.35,INR,446.0
VISHAL.NS,VISHAL FABRICS LTD.,Vishal Fabrics Limited,4456979968,18.0,INR,445.7
GUJAPOLLO.NS,GUJ. APOLLO IND. LTD.,Gujarat Apollo Industries Limited,4446764544,342.85,INR,444.7
ADVANIHOTR.NS,ADVANI HOT.& RES.(I) LTD,Advani Hotels & Resorts (India) Limited,4428728320,47.91,INR,442.9
ABCOTS.NS,A B COTSPIN INDIA LIMITED,A B Cotspin India Limited,4414248448,200.98,INR,441.4
POEL.NS,P O C L ENTERPRISES LTD.,POCL Enterprises Limited,4407919104,142.95,INR,440.8
OMAXAUTO.NS,OMAX AUTOS LTD,Omax Autos Limited,4407453184,205.56,INR,440.7
NILASPACES.NS,NILA SPACES LIMITED,Nila Spaces Limited,4391864832,11.15,INR,439.2
ELIN.NS,ELIN ELECTRONICS LIMITED,Elin Electronics Limited,4371428864,87.94,INR,437.1
RAMAPHO.NS,RAMA PHOSPHATES LIMITED,Rama Phosphates Limited,4352529920,123.0,INR,435.3
VTMLTD.NS,V T M LTD.,VTM Limited,4314410496,42.9,INR,431.4
SARVESHWAR.NS,SARVESHWAR FOODS LIMITED,Sarveshwar Foods Limited,4298376704,3.49,INR,429.8
DONEAR.NS,DONEAR IND. LIMITED,Donear Industries Limited,4281160192,82.33,INR,428.1
LORDSCHLO.NS,LORDS CHLORO ALKALI LTD,Lords Chloro Alkali Limited,4296932864,149.96,INR,429.7
LANCER.NS,LANCER CONTAINER LINES L,Lancer Container Lines Limited,4305238528,11.58,INR,430.5
HLVLTD.NS,HLV LIMITED,HLV Limited,4285189376,6.5,INR,428.5
CORDSCABLE.NS,CORDS CABLE INDUS LTD.,Cords Cable Industries Limited,4284266240,331.4,INR,428.4
AARTISURF.NS,AARTI SURFACTANTS LIMITED,Aarti Surfactants Limited,4284160256,505.75,INR,428.4
DISHTV.NS,DISH TV INDIA LTD.,Dish TV India Limited,4253301760,2.31,INR,425.3
WSI.NS,W.S.INDUSTRIES (I) LTD.,W.S. Industries (India) Limited,4238753536,55.85,INR,423.9
GVKPIL.NS,GVK POW. & INFRA LTD.,GVK Power & Infrastructure Limited,4216491776,2.67,INR,421.6
VRAJ.NS,VRAJ IRON AND STEEL LTD,Vraj Iron and Steel Limited,4221775360,128.0,INR,422.2
DAVANGERE.NS,DAVANGERE SUGAR COMPANY L,Davangere Sugar Company Limited,4188862720,2.47,INR,418.9
OILCOUNTUB.NS,OIL COUNTRY TUBULAR LTD.,Oil Country Tubular Limited,4137428480,73.64,INR,413.7
CYBERTECH.NS,CYBERTECH SYSTEMS & SOFTW,CyberTech Systems and Software Limited,4133300736,136.5,INR,413.3
NAHARCAP.NS,NAHAR CAP & FIN.,Nahar Capital and Financial Services Limited,4119557120,246.0,INR,412.0
MANAKSIA.NS,MANAKSIA LTD.,Manaksia Limited,4112261632,62.75,INR,411.2
SBGLP.NS,SURATWWALA BUS GROUP LTD,Suratwwala Business Group Limited,4007654144,23.11,INR,400.8
MANOMAY.NS,MANOMAY TEX INDIA LTD,Manomay Tex India Limited,4097063168,227.0,INR,409.7
NDLVENTURE.NS,NDL VENTURES LIMITED,NDL Ventures Limited,4078306816,121.12,INR,407.8
VINYLINDIA.NS,VINYL CHEMICALS (I) LTD.,Vinyl Chemicals (India) Limited,4070838784,222.0,INR,407.1
NILE.NS,NILE LTD.,Nile Limited,4050764032,1349.4,INR,405.1
SINCLAIR.NS,SINCLAIRS HOTELS LIMITED,Sinclairs Hotels Limited,4029036032,78.6,INR,402.9
KOTHARIPRO.NS,KOTHARI PRODUCTS LTD,Kothari Products Limited,4024743424,67.43,INR,402.5
INDOTHAI.NS,INDO THAI SEC LTD,Indo Thai Securities Limited,3989736448,31.02,INR,399.0
DENORA.NS,DE NORA INDIA LIMITED,De Nora India Limited,4004302592,754.3,INR,400.4
QMSMEDI.NS,QMS MEDICAL ALLIED S LTD,QMS Medical Allied Services Limited,3992602112,206.47,INR,399.3
XTGLOBAL.NS,XTGLOBAL INFOTECH LIMITED,XTGlobal Infotech Limited,3983474176,29.7,INR,398.3
BATLIBOI.NS,BATLIBOI LTD.,Batliboi Limited,3994918144,84.59,INR,399.5
MIRZAINT.NS,MIRZA INTERNATIONAL LIMIT,Mirza International Limited,3962248704,28.67,INR,396.2
FOCUS.NS,FOCUS LIGHTG & FIXTRS LTD,Focus Lighting and Fixtures Limited,3926207232,58.4,INR,392.6
SAHYADRI.NS,SAHYADRI INDUSTRIES LTD,Sahyadri Industries Limited,3918775296,358.0,INR,391.9
KRITINUT.NS,KRITI NUTRIENTS LIMITED,Kriti Nutrients Limited,3958178048,79.0,INR,395.8
LIBERTSHOE.NS,LIBERTY SHOES LTD,Liberty Shoes Ltd.,3919200000,230.0,INR,391.9
GOKUL.NS,GOKUL REFOILS & SOLV LTD,Gokul Refoils & Solvent Limited,3910302464,39.5,INR,391.0
VPRPL.NS,VISHNU PRAKASH R PUNGLI L,Vishnu Prakash R Punglia Limited,3911912448,31.26,INR,391.2
AEPL.NS,ARTEMIS ELECTRICALS & P L,Artemis Electricals and Projects Limited,3886051072,15.48,INR,388.6
NDL.NS,NANDAN DENIM LIMITED,Nandan Denim Limited,3877559040,2.69,INR,387.8
FOODSIN.NS,FOODS & INNS LIMITED,Foods and Inns Limited,3881731072,52.79,INR,388.2
NICCOPAR.NS,NICCO PARKS & RESORTS LTD,Nicco Parks & Resorts Limited,3858192128,82.44,INR,385.8
MANORG.NS,MANGALAM ORGANICS LIMITED,Mangalam Organics Limited,3845433600,449.0,INR,384.5
MAJESAUT.NS,MAJESTIC AUTO LTD.,Majestic Auto Limited,3805476864,366.0,INR,380.5
TARACHAND.NS,TARA CHAND INFRA SOLN LTD,Tara Chand Infralogistic Solutions Limited,3809607424,48.33,INR,381.0
NIMBSPROJ.NS,NIMBUS PROJECTS LIMITED,Nimbus Projects Limited,3788210944,196.09,INR,378.8
QUINT.NS,QUINT DIGITAL LTD.,Quint Digital Limited,3783721984,80.15,INR,378.4
AUTOIND.NS,AUTOLINE INDUSTRIES LTD,Autoline Industries Limited,3777955840,83.26,INR,377.8
S&SPOWER.NS,S&S POWER SWITCHGEARS LTD,S&S Power Switchgear Limited,3777748480,306.1,INR,377.8
UYFINCORP.NS,U. Y. FINCORP LIMITED,U. Y. Fincorp Limited,3770523648,19.82,INR,377.1
RADIANTCMS.NS,RADIANT CASH MGMT SER LTD,Radiant Cash Management Services Limited,3792399104,35.54,INR,379.2
ACL.NS,ANDHRA CEMENTS LIMITED,Andhra Cements Limited,3762466816,40.82,INR,376.2
AVONMORE.NS,AVONMORE CAP&MGT SERV LTD,Avonmore Capital & Management Services Limited,3727660288,13.21,INR,372.8
JKIPL.NS,JINKUSHAL INDUSTRIES LTD,Jinkushal Industries Limited,3724209664,97.02,INR,372.4
BANSWRAS.NS,BANSWARA SYNTEX LIMITED,Banswara Syntex Limited,3716919808,108.58,INR,371.7
VIJIFIN.NS,VIJI FINANCE LIMITED,Viji Finance Limited,3716790016,16.09,INR,371.7
ALMONDZ.NS,ALMONDZ GLOBAL SEC LTD,Almondz Global Securities Limited,3707875072,21.2,INR,370.8
GOACARBON.NS,GOA CARBON LIMITED,Goa Carbon Limited,3705718528,404.95,INR,370.6
MARKOLINES.NS,MARKOLINES PAVEMENT TEC L,Markolines Pavement Technologies Limited,3703976704,168.05,INR,370.4
IGCL.NS,INDOGULF CROPSCIENCES LTD,Indogulf Cropsciences Limited,3703029504,58.57,INR,370.3
BIRLAPREC.NS,BIRLA PRECISION TECH L,Birla Precision Technologies Limited,3699087360,54.09,INR,369.9
EUROBOND.NS,EURO PANEL PRODUCTS LTD,Euro Panel Products Limited,3675000064,150.0,INR,367.5
MUTHOOTCAP.NS,MUTHOOT CAP SERV LTD,Muthoot Capital Services Limited,3673227520,223.33,INR,367.3
BEDMUTHA.NS,BEDMUTHA INDUST LTD,Bedmutha Industries Limited,3636139520,112.7,INR,363.6
SURAJLTD.NS,SURAJ LIMITED,Suraj Limited,3622502144,197.26,INR,362.3
BELLACASA.NS,BELLA CASA FASH AND RET L,Bella Casa Fashion & Retail Limited,3614625024,270.0,INR,361.5
GINNIFILA.NS,GINNIFILAMENTS LTD.,Ginni Filaments Limited,3597302784,42.0,INR,359.7
SHEMAROO.NS,SHEMAROO ENTER. LTD.,Shemaroo Entertainment Limited,3591287552,125.0,INR,359.1
TRANSWORLD.NS,TRANSWORLD SHIP LINES LTD,Transworld Shipping Lines Limited,3579077632,163.0,INR,357.9
VARDHACRLC.NS,VARDHAMAN ACRYLICS LTD,Vardhman Acrylics Limited,3567346432,44.39,INR,356.7
EMAMIREAL.NS,EMAMI REALTY LIMITED,Emami Realty Limited,3566923264,68.55,INR,356.7
ORIENTPPR.NS,ORIENT PAPER AND INDS LTD,Orient Paper & Industries Limited,3535010560,16.66,INR,353.5
NURECA.NS,NURECA LIMITED,Nureca Limited,3529466368,353.0,INR,352.9
THOMASCOTT.NS,THOMAS SCOTT (INDIA) LTD,Thomas Scott (India) Limited,3508403712,236.2,INR,350.8
PAKKA.NS,PAKKA LIMITED,Pakka Limited,3494548224,73.31,INR,349.5
TOLINS.NS,TOLINS TYRES LIMITED,Tolins Tyres Limited,3466899968,87.75,INR,346.7
KESORAMIND.NS,KESORAM INDUSTRIES LTD,Kesoram Industries Limited,3463899648,11.15,INR,346.4
PPAP.NS,PPAP AUTOMOTIVE LIMITED,PPAP Automotive Limited,3452621056,243.95,INR,345.3
KALYANIFRG.NS,KALYANI FORGE LIMITED,Kalyani Forge Limited,3441548032,946.0,INR,344.2
ABMKNO.NS,A B M KNOWLEDGEWARE LTD.,ABM Knowledgeware Limited,3440378368,172.0,INR,344.0
KCPSUGIND.NS,KCPSUGARINDUS,K.C.P. Sugar and Industries Corporation Limited,3427333888,29.99,INR,342.7
AASTHA.NS,AASTHA SPINTEX LIMITED,Aastha Spintex Limited,3422785536,38.77,INR,342.3
RUBFILA.NS,RUBFILA INTERNATIONAL LTD,Rubfila International Limited,3411799552,62.87,INR,341.2
DEVX.NS,DEV ACCELERATOR LIMITED,Dev Accelerator Limited,3406750208,36.0,INR,340.7
TRACXN.NS,TRACXN TECHNOLOGIES LTD,Tracxn Technologies Limited,3406519296,31.85,INR,340.7
VGL.NS,VARVEE GLOBAL LIMITED,Varvee Global Limited,3403984384,66.06,INR,340.4
INSPIRISYS.NS,INSPIRISYS SOLUTIONS LTD,Inspirisys Solutions Limited,3403089408,85.9,INR,340.3
MONEYBOXX.NS,MONEYBOXX FINANCE LIMITED,Moneyboxx Finance Limited,3396217600,48.65,INR,339.6
DCMSRIND.NS,DCM SHRIRAM IND LTD,DCM Shriram Industries Limited,3388345600,38.95,INR,338.8
PONNIERODE.NS,PONNIE SUGARS (ERODE) LTD,Ponni Sugars (Erode) Limited,3391646208,394.45,INR,339.2
AFIL.NS,AKME FINTRADE (INDIA) LTD,Akme Fintrade (India) Limited,3392662016,7.95,INR,339.3
AAREYDRUGS.NS,AAREY DRUGS & PHARM LTD,Aarey Drugs & Pharmaceuticals Limited,3367450624,100.96,INR,336.7
CINELINE.NS,CINELINE INDIA LIMITED,Cineline India Limited,3367247104,88.35,INR,336.7
TREJHARA.NS,TREJHARA SOLUTIONS LTD,Trejhara Solutions Limited,3359463936,139.3,INR,335.9
SWISSMLTRY.NS,SWISS MILITARY CON GOOD L,Swiss Military Consumer Goods Limited,3353163520,14.2,INR,335.3
DREAMFOLKS.NS,DREAMFOLKS SERVICES LTD,Dreamfolks Services Limited,3336824320,62.64,INR,333.7
DAMODARIND.NS,DAMODAR INDUSTRIES LTD,Damodar Industries Limited,3215399936,27.6,INR,321.5
ESSARSHPNG.NS,ESSAR SHIPPING LTD,Essar Shipping Limited,3324073472,15.99,INR,332.4
GEEKAYWIRE.NS,GEEKAY WIRES LIMITED,Geekay Wires Limited,3302832128,31.6,INR,330.3
HCL-INSYS.NS,HCL INFOSYSTEMS LTD,HCL Infosystems Limited,3301975296,10.03,INR,330.2
MBLINFRA.NS,MBL INFRASTRUCTURE LTD,MBL Infrastructure Limited,3303081728,21.19,INR,330.3
SSDL.NS,SARASWATI SAREE DEPOT LTD,Saraswati Saree Depot Limited,3318463488,83.8,INR,331.8
SHAH.NS,SHAH METACORP LIMITED,Shah Metacorp Limited,3284397568,3.2,INR,328.4
DIGISPICE.NS,DIGISPICE TECHNOLOGIES LT,DiGiSPICE Technologies Limited,3235436800,15.51,INR,323.5
HPAL.NS,HP ADHESIVES LIMITED,HP Adhesives Limited,3214697216,34.99,INR,321.5
DCMNVL.NS,DCM NOUVELLE LIMITED,DCM Nouvelle Limited,3213506560,172.05,INR,321.4
HARRMALAYA.NS,HARRISON MALAYALAM LTD,Harrisons Malayalam Limited,3201089792,173.45,INR,320.1
SAYAJIIND.NS,SAYAJI INDUSTRIES LTD.,Sayaji Industries Limited,3175168000,125.6,INR,317.5
ANNU.NS,ANNU PROJECTS LIMITED,,3170500352,48.41,INR,317.1
CPEDU.NS,CAREER POINT EDUTECH LTD,Career Point Edutech Ltd.,3165571584,174.0,INR,316.6
KRITI.NS,KRITI INDUSTRIES IND LTD,Kriti Industries (India) Limited,3163867904,60.04,INR,316.4
RRECL.NS,RDB REAL ESTATE CONS L,RDB Real Estate Constructions Limited,3141222912,119.4,INR,314.1
DBEIL.NS,DEEPAK BUILDERS & ENG I L,Deepak Builders & Engineers India Limited,3111601408,6.68,INR,311.2
APOLSINHOT.NS,APOLLO SINDOORI HOTEL LTD,Apollo Sindoori Hotels Limited,3145183744,1209.5,INR,314.5
SHANKARA.NS,SHANKARA BLDG PRODUCT LTD,Shankara Building Products Limited,3099306240,127.81,INR,309.9
VERTOZ.NS,VERTOZ LIMITED,Vertoz Limited,3093848832,36.3,INR,309.4
AKSHARCHEM.NS,AKSHARCHEM INDIA LIMITED,AksharChem (India) Limited,3092743168,385.0,INR,309.3
UCAL.NS,UCAL LIMITED,UCAL Limited,3087062016,139.6,INR,308.7
RUCHIRA.NS,RUCHIRA PAPERS LIMITED,Ruchira Papers Limited,3074033408,103.0,INR,307.4
AMBALALSA.NS,AMBALAL SARABHAI ENT L,Ambalal Sarabhai Enterprises Limited,3065331712,40.0,INR,306.5
HILINFRA.NS,HIGHWAY INFRASTRUCTURE L,Highway Infrastructure Limited,3053864704,42.58,INR,305.4
KMSUGAR.NS,K M SUGAR MILLS LTD,K.M. Sugar Mills Limited,3036005632,33.0,INR,303.6
LYKALABS.NS,LYKA LABS LTD.,Lyka Labs Limited,3041889280,84.14,INR,304.2
CLEDUCATE.NS,CL EDUCATE LIMITED,CL Educate Limited,3034432768,55.89,INR,303.4
AVG.NS,AVG LOGISTICS LIMITED,AVG Logistics Limited,3031643648,162.05,INR,303.2
OMFREIGHT.NS,OM FREIGHT FORWARDERS LTD,Om Freight Forwarders Limited,3030789632,90.0,INR,303.1
AXITA.NS,AXITA COTTON LIMITED,Axita Cotton Limited,3030774528,7.92,INR,303.1
ASHIMASYN.NS,ASHIMA LTD,Ashima Limited,3030146048,15.81,INR,303.0
MODIRUBBER.NS,MODI RUBBER LTD,Modi Rubber Limited,3021140224,120.65,INR,302.1
KOTYARK.NS,KOTYARK INDUSTRIES LTD,Kotyark Industries Limited,3091341312,27.34,INR,309.1
PKTEA.NS,THE P K TEA PROD CO LTD,The Peria Karamalai Tea and Produce Company Limited,3018481920,975.0,INR,301.8
GULFPETRO.NS,GP PETROLEUMS LIMITED,GP Petroleums Limited,3013177088,59.1,INR,301.3
PRITIKAUTO.NS,PRITIKA AUTO INDUS LTD,Pritika Auto Industries Limited,3010548992,18.08,INR,301.1
VARDMNPOLY.NS,VARDHMAN POLYTEX LTD.,Vardhman Polytex Limited,2989503744,5.88,INR,299.0
ATLANTAA.NS,ATLANTAA LIMITED,Atlantaa Limited,2925850112,35.9,INR,292.6
HALDER.NS,HALDER VENTURE LIMITED,Halder Venture Limited,2909901568,233.95,INR,291.0
PODDARMENT.NS,PODDAR PIGMENTS LIMITED,Poddar Pigments Limited,2864699904,270.0,INR,286.5
DYNPRO.NS,DYNEMIC PRODUCTS LIMITED,Dynemic Products Limited,2858529024,230.0,INR,285.9
SIKKO.NS,SIKKO INDUSTRIES LIMITED,Sikko Industries Limited,2843568128,6.51,INR,284.4
RHL.NS,ROBUST HOTELS LIMITED,Robust Hotels Limited,2853129728,165.0,INR,285.3
VETO.NS,VETO SWITCHGEAR CABLE LTD,Veto Switchgears and Cables Limited,2836850688,148.41,INR,283.7
ANNAPURNA.NS,ANNAPURNA SWADISHT LTD,Annapurna Swadisht Limited,2832236032,129.8,INR,283.2
APCL.NS,ANJANI PORTLAND CEM LTD,Anjani Portland Cement Limited,2831433472,96.39,INR,283.1
IITL.NS,INDUSTRIAL INV TRUST LTD,Industrial Investment Trust Limited,2818351616,134.69,INR,281.8
TIGERLOGS.NS,TIGER LOGISTICS (INDIA) L,Tiger Logistics (India) Limited,2812284928,26.6,INR,281.2
MKEXIM.NS,M K EXIM (INDIA) LTD.,M.K. Exim (India) Limited,2803909120,69.46,INR,280.4
CPCAP.NS,CP CAPITAL LIMITED,CP Capital Limited,2786449920,153.11,INR,278.6
NATHBIOGEN.NS,NATH BIO-GENES (I) LTD,Nath Bio-Genes (India) Limited,2773684224,145.75,INR,277.4
MAHEPC.NS,MAHINDRA EPC IRRIG LTD,Mahindra EPC Irrigation Limited,2760136704,98.75,INR,276.0
SONAMLTD.NS,SONAM LIMITED,Sonam Limited,2754201600,68.8,INR,275.4
EXXARO.NS,EXXARO TILES LIMITED,Exxaro Tiles Limited,2747101440,6.14,INR,274.7
MEGASTAR.NS,MEGASTAR FOODS LIMITED,Megastar Foods Limited,2742110464,242.8,INR,274.2
NILAINFRA.NS,NILA INFRASTRUCTURES LTD,Nila Infrastructures Limited,2737529856,6.95,INR,273.8
SUNDRMBRAK.NS,SUNDARAM BRAK LININGS LTD,Sundaram Brake Linings Limited,2734529536,695.0,INR,273.5
SOMATEX.NS,SOMA TEXTILES & INDUST LT,Soma Textiles & Industries Limited,2724728832,80.2,INR,272.5
GENUSPAPER.NS,GENUS P&B LIMITED,Genus Paper & Boards Limited,2692108544,10.47,INR,269.2
STARTECK.NS,STARTECK FINANCE LIMITED,Starteck Finance Limited,2680744192,270.5,INR,268.1
DSFCL.NS,DCM SHRIRAM FINE CHEM LTD,DCM Shriram Fine Chemicals Limited,2679359232,30.8,INR,267.9
TERASOFT.NS,TERA SOFTWARE LIMITED,Tera Software Limited,2665655040,213.05,INR,266.6
ELGIRUBCO.NS,ELGI RUBBER CO. LTD,Elgi Rubber Company Limited,2637635072,52.7,INR,263.8
RNBDENIMS.NS,R&B DENIMS LIMITED,R & B Denims Limited,2627409920,9.2,INR,262.7
A2ZINFRA.NS,A2Z INFRA ENGINEERING LTD,A2Z Infra Engineering Limited,2616679424,14.74,INR,261.7
RPPINFRA.NS,R.P.P INFRA PROJECTS LTD,R.P.P. Infra Projects Limited,2605244160,52.54,INR,260.5
SAB.NS,S A B INDUSTRIES LTD.,SAB Industries Limited,2585713152,170.0,INR,258.6
CHEMBOND.NS,CHEMBOND MATERIALTECH LTD,Chembond Material Technologies Limited,2583281664,192.09,INR,258.3
GICL.NS,GLOBE INTL CARRIERS LTD,Globe International Carriers Limited,2568238336,22.94,INR,256.8
GLOBECIVIL.NS,GLOBE CIVIL PROJECTS LTD,Globe Civil Projects Limited,2567917056,43.0,INR,256.8
DJML.NS,DJ MEDIAPRINT & LOG LTD,DJ Mediaprint & Logistics Limited,2560677376,71.27,INR,256.1
AARON.NS,AARON INDUSTRIES LIMITED,Aaron Industries Limited,2555051520,121.98,INR,255.5
JAYSREETEA.NS,JAYSHREE TEA & INDUSTRIES,Jay Shree Tea & Industries Limited,2544973056,88.13,INR,254.5
ARVEE.NS,ARVEE LABORATORIES I LTD,Arvee Laboratories (India) Ltd.,2569313024,233.15,INR,256.9
SAPPL.NS,SHREE AJIT PULP & PAPER L,Shree Ajit Pulp and Paper Limited,2532468480,284.7,INR,253.2
PLAZACABLE.NS,PLAZA WIRES LIMITED,Plaza Wires Limited,2517494784,57.54,INR,251.7
SRD.NS,SHANKAR LAL RAMPAL LTD,Shankar Lal Rampal Dye-Chem Limited,2522849792,39.44,INR,252.3
GOLDTECH.NS,AION-TECH SOLUTIONS LTD,AION-TECH Solutions Limited,2513915392,48.0,INR,251.4
IWP.NS,INDIAN WOOD PRODUCTS CO L,The Indian Wood Products Company Limited,2510929152,39.25,INR,251.1
LEMERITE.NS,LE MERITE EXPORTS LIMITED,Le Merite Exports Limited,2529645056,20.21,INR,253.0
SPENCERS.NS,SPENCER S RETAIL LIMITED,Spencer's Retail Limited,2503867136,27.78,INR,250.4
NDGL.NS,NAGA DHUNSERI GROUP LTD,Naga Dhunseri Group Limited,2500000000,2500.0,INR,250.0
DPWIRES.NS,D P WIRES LIMITED,D.P. Wires Limited,2497121536,161.1,INR,249.7
SAKUMA.NS,SAKUMA EXPORTS LIMITED,Sakuma Exports Limited,2524027136,1.61,INR,252.4
MARALOVER.NS,MARAL OVERSEAS LTD,Maral Overseas Limited,2490480128,60.0,INR,249.0
FCSSOFT.NS,FCS SOFTWARE SOLN. LTD.,FCS Software Solutions Limited,2478852096,1.45,INR,247.9
SETCO.NS,SETCO AUTOMOTIVE LTD,Shilayan Industries Limited,2475634944,18.46,INR,247.6
BIMETAL.NS,BIMETAL BEARINGS LTD.,Bimetal Bearings Limited,2465212416,644.5,INR,246.5
RCOM.NS,RELIANCE COMMUNICATIONS L,Reliance Communications Limited,2460344832,0.89,INR,246.0
IVC.NS,IL&FS INVESTMENT MANAGERS,IL&FS Investment Managers Limited,2449455360,7.8,INR,244.9
DIAMINESQ.NS,DIAMINES & CHEMICALS LTD,Diamines and Chemicals Limited,2433435648,242.0,INR,243.3
LANCORHOL.NS,LANCOR HOLDINGS LIMITED,Lancor Holdings Limited,2427168512,33.0,INR,242.7
NIPPOBATRY.NS,INDO-NATIONAL LIMITED,Indo National Limited,2422125056,322.95,INR,242.2
SUMIT.NS,SUMIT WOODS LIMITED,Sumit Woods Limited,2412081152,50.4,INR,241.2
COASTCORP.NS,COASTAL CORPORATION LTD,Coastal Corporation Limited,2411849984,36.01,INR,241.2
STARPAPER.NS,STAR PAPER MILLS LTD,Star Paper Mills Limited,2411334144,154.49,INR,241.1
CUBEXTUB.NS,CUBEX TUBINGS LTD,Cubex Tubings Limited,2397855744,167.46,INR,239.8
SHRADHA.NS,SHRADHA REALTY LIMITED,Shradha Realty Limited,2393478144,29.55,INR,239.3
RVHL.NS,RAVINDER HEIGHTS LIMITED,Ravinder Heights Limited,2391704064,39.0,INR,239.2
LOTUSEYE.NS,LOTUS EYE HOSP & INST L,Lotus Eye Hospital and Institute Limited,2391577856,115.0,INR,239.2
AHLEAST.NS,ASIAN HOTELS (EAST) LTD,Asian Hotels (East) Limited,2371556096,137.15,INR,237.2
IVP.NS,IVP LIMITED,IVP Limited,2369877248,229.5,INR,237.0
TRF.NS,TRF LIMITED,TRF Limited,2353953792,213.91,INR,235.4
SAHLIBHFI.NS,SHALIBHADRA FINANCE LTD,Shalibhadra Finance Limited,2345973760,75.95,INR,234.6
BTTL.NS,BHILWARA TECHNICAL TEXT L,Bhilwara Technical Textiles Limited,2334932224,40.0,INR,233.5
VMSTMT.NS,VMS TMT LIMITED,VMS TMT Limited,2325718528,46.86,INR,232.6
BI.NS,BILCARE LTD.,Bilcare Limited,2324149760,98.71,INR,232.4
NATIONSTD.NS,NATIONAL STAND (INDIA) L,National Standard (India) Limited,2318599936,115.93,INR,231.9
UFO.NS,UFO MOVIEZ INDIA LTD.,UFO Moviez India Limited,2315508480,59.64,INR,231.6
SHIVATEX.NS,SHIVA TEXYARN LIMITED,Shiva Texyarn Limited,2309139456,168.07,INR,230.9
WORTHPERI.NS,WORTH PERIPHERALS LIMITED,Worth Peripherals Limited,2307521536,146.5,INR,230.8
MANAKALUCO.NS,MANAK ALUMINIUM CO. LTD.,Manaksia Aluminium Company Limited,2304177152,35.16,INR,230.4
BPL.NS,BPL LTD,BPL Limited,2302839808,47.02,INR,230.3
COMFINTE.NS,COMFORT INTECH LTD.,Comfort Intech Limited,2300354816,7.19,INR,230.0
SHIVAMAUTO.NS,SHIVAM AUTO.LTD,Shivam Autotech Limited,2296934656,17.3,INR,229.7
EQUIPPP.NS,EQUIPPP SOC IMP TECH LTD,Equippp Social Impact Technologies Limited,2290775808,22.22,INR,229.1
GRAVISSHO.NS,GRAVISS HOSPITALITY LTD.,Graviss Hospitality Limited,2270010880,32.19,INR,227.0
VIKASLIFE.NS,VIKAS LIFECARE LIMITED,Vikas Lifecare Limited,2284932352,1.23,INR,228.5
GILLANDERS.NS,GILLANDERS ARBUTHNOT LTD,Gillanders Arbuthnot and Company Limited,2265490176,106.15,INR,226.5
RMC.NS,RMC SWITCHGEARS LIMITED,RMC Switchgears Limited,2263673600,213.92,INR,226.4
SRGHFL.NS,SRG HOUSING FINANCE L,SRG Housing Finance Limited,2276814848,144.95,INR,227.7
NITIRAJ.NS,NITIRAJ ENGINEERS LTD,Nitiraj Engineers Limited,2244968960,219.0,INR,224.5
COMPEAU.NS,COMPETENT AUTOMOB CO. L,Competent Automobiles Company Limited,2243290112,365.0,INR,224.3
KOTARISUG.NS,KOTHARI SUG & CHEM LTD.,Kothari Sugars and Chemicals Limited,2242136064,27.05,INR,224.2
SILGO.NS,SILGO RETAIL LIMITED,Silgo Retail Limited,2231015680,69.75,INR,223.1
ZEELEARN.NS,ZEE LEARN LIMITED,Zee Learn Limited,2222018304,6.78,INR,222.2
SAKHTISUG.NS,SAKTHI SUGARS LTD,Sakthi Sugars Limited,2217292032,18.63,INR,221.7
PAVNAIND.NS,PAVNA INDUSTRIES LIMITED,Pavna Industries Limited,2204573952,15.8,INR,220.5
RANASUG.NS,RANA SUGARS LTD.,Rana Sugars Limited,2199091200,14.32,INR,219.9
TEAMGTY.NS,TEAM INDIA GUARANTY LTD,Team India Guaranty Limited,2182187520,242.65,INR,218.2
CALSOFT.NS,CALIFORNIA SOFTWARE CO LT,California Software Company Limited,2163376640,34.99,INR,216.3
TAKE.NS,TAKE LIMITED,TAKE LIMITED,2155356416,14.74,INR,215.5
UNITEDTEA.NS,UNITED NILGIRI TEA LTD,The United Nilgiri Tea Estates Company Limited,2148023808,429.9,INR,214.8
RACE.NS,RACE ECO CHAIN LIMITED,Race Eco Chain Limited,2158358016,125.07,INR,215.8
SINTERCOM.NS,SINTERCOM INDIA LIMITED,Sintercom India Limited,2144142208,77.89,INR,214.4
CCHHL.NS,COUNTRY CLUB HOSP HOL LTD,Country Club Hospitality & Holidays Limited,2141388160,13.1,INR,214.1
GENCON.NS,GENERIC ENG CONS PROJ LTD,Generic Engineering Construction and Projects Limited,2140402560,37.56,INR,214.0
SURANAT&P.NS,SURANA TELECOM AND POW LT,Surana Telecom and Power Limited,2134146688,15.72,INR,213.4
SICAGEN.NS,SICAGEN INDIA LIMITED,Sicagen India Limited,2128956544,53.8,INR,212.9
KHADIM.NS,KHADIM INDIA LIMITED,Khadim India Limited,2127113856,115.74,INR,212.7
VSTL.NS,VIBHOR STEEL TUBES LTD,Vibhor Steel Tubes Limited,2114312448,111.5,INR,211.4
ALANKIT.NS,ALANKIT LIMITED,Alankit Limited,2101475328,7.75,INR,210.1
PIGL.NS,POWER INSTRUMENT (G) LTD,Power & Instrumental (Gujarat) Limited,2101013376,99.25,INR,210.1
SMARTLINK.NS,SMARTLINK HOLDINGS LTD,Smartlink Holdings Limited,2094749952,210.0,INR,209.5
ARCHIDPLY.NS,ARCHIDPLY IND. LTD,Archidply Industries Limited,2094110720,104.69,INR,209.4
NECLIFE.NS,NECTAR LIFESCIENCES LTD.,Nectar Lifesciences Limited,2088305536,10.75,INR,208.8
RADIOCITY.NS,MUSIC BROADCAST LIMITED,Music Broadcast Limited,2083470848,5.93,INR,208.3
MAHESHWARI.NS,MAHESHWARI LOGISTICS LTD.,Maheshwari Logistics Limited,2079840000,71.61,INR,208.0
EMPOWER.NS,EMPOWER INDIA LTD.,Empower India Limited,2071561344,1.78,INR,207.2
AFFORDABLE.NS,AFFORD ROBO & AUTO LTD,Affordable Robotic & Automation Limited,2070269568,174.69,INR,207.0
AIRAN.NS,AIRAN LIMITED,Airan Limited,2075332096,16.6,INR,207.5
BALAJEE.NS,SHREE TIRUPATI BALAJEE L,Shree Tirupati Balajee Agro Trading Company Limited,2050691072,25.14,INR,205.1
RVTH.NS,REVATHI EQUIPMENT INDIA L,Revathi Equipment India Limited,2039517056,665.0,INR,204.0
NOVAAGRI.NS,NOVA AGRITECH LIMITED,Nova Agritech Limited,2035348096,22.61,INR,203.5
AARVI.NS,AARVI ENCON LIMITED,Aarvi Encon Limited,2026103808,136.8,INR,202.6
SIGIND.NS,SIGNET INDUSTRIES LIMITED,Signet Industries Limited,2022321792,68.7,INR,202.2
MADHAVIPL.NS,MADHAV INFRA PROJECTS L,Madhav Infra Projects Limited,2016470144,7.48,INR,201.6
JMA.NS,JULLUNDUR MOT AGENCY LTD,Jullundur Motor Agency (Delhi) Limited,2003160320,87.7,INR,200.3
NECCLTD.NS,NORTH EAST CARRY CORP LTD,North Eastern Carrying Corporation Limited,1980275072,18.95,INR,198.0
INTENTECH.NS,INTENSE TECHNOLOGIES LTD,Intense Technologies Limited,1976881664,84.64,INR,197.7
AUSOMENT.NS,AUSOM ENTERPRISE LIMITED,AuSom Enterprise Limited,1972690432,144.8,INR,197.3
ASPINWALL.NS,ASPINWALL & CO LTD,Aspinwall and Company Limited,1970208512,252.0,INR,197.0
AERONEU.NS,AEROFLEX NEU LIMITED,Aeroflex Neu Limited,1959980160,75.98,INR,196.0
HINDADH.NS,HINDUSTAN ADHESIVES LTD.,Hindustan Adhesives Limited,1954682368,382.05,INR,195.5
ROSSELLIND.NS,ROSSELL INDIA LIMITED,Rossell India Limited,1950038656,51.73,INR,195.0
BASML.NS,BANNARI AM SPIN MILL LTD.,Bannari Amman Spinning Mills Ltd,1942089344,24.3,INR,194.2
TAINWALCHM.NS,TAINWALA CHEMICAL AND PLA,Tainwala Chemicals and Plastics (India) Limited,1938600576,207.03,INR,193.9
ASMS.NS,AVIO SMART MRKT STACK LTD,Avio Smart Market Stack Limited,1934062208,6.35,INR,193.4
RRIL.NS,R R I L LTD.,RRIL Limited,1921246464,15.85,INR,192.1
VIPCLOTHNG.NS,VIP CLOTHING LIMITED,VIP Clothing Limited,1919758720,21.3,INR,192.0
RUDRA.NS,RUDRA GLOBAL INFRA PROD L,Rudra Global Infra Products Limited,1916567040,19.1,INR,191.7
SANGINITA.NS,AGASTYA ENE AND INFRA LTD,Agastya Energy and Infrastructure Limited,1913865472,73.89,INR,191.4
ZODIACLOTH.NS,ZODIAC CLOTHING CO. LTD.,Zodiac Clothing Company Limited,1908340224,69.5,INR,190.8
ARCL.NS,ARCL ORGANICS LTD.,ARCL Organics Ltd.,1906000000,238.25,INR,190.6
MEDICO.NS,MEDICO REMEDIES LIMITED,Medico Remedies Limited,1897844096,22.87,INR,189.8
GLOBALVECT.NS,GLOBAL VEC HELICORP LTD,Global Vectra Helicorp Limited,1890000000,135.0,INR,189.0
SPCENET.NS,SPACENET ENTERS IND LTD,Spacenet Enterprises India Limited,1867851392,3.29,INR,186.8
WATERBASE.NS,WATERBASE LTD.,The Waterbase Limited,1862133760,44.95,INR,186.2
ALPINETEX.NS,ALPINE TEXWORLD LIMITED,Alpine Texworld Limited,1857274368,48.56,INR,185.7
SHAHALLOYS.NS,SHAH ALLOYS LIMITED,Shah Alloys Limited,1845130624,93.2,INR,184.5
AGASTYAEN.NS,AGASTYA ENE AND INFRA LTD,Agastya Energy and Infrastructure Limited,1838492160,70.98,INR,183.8
TTL.NS,T T LIMITED,T.T. Limited,1828841472,7.08,INR,182.9
DRCSYSTEMS.NS,DRC SYSTEMS INDIA LIMITED,DRC Systems India Limited,1829832832,12.7,INR,183.0
MHLXMIRU.NS,MAHALAXMI RUBTECH LIMITED,Mahalaxmi Rubtech Limited,1826687360,172.0,INR,182.7
ABANSENT.NS,ABANS ENTERPRISES LTD.,ABans Enterprises Limited,1821840768,26.12,INR,182.2
BCONCEPTS.NS,BRAND CONCEPTS LIMITED,Brand Concepts Limited,1820356864,145.84,INR,182.0
ESSENTIA.NS,INTEGRA ESSENTIA LIMITED,Integra Essentia Limited,1790388864,1.02,INR,179.0
PILITA.NS,PIL ITALICA LIFESTYLE LTD,Pil Italica Lifestyle Limited,1807149952,7.69,INR,180.7
IPRINGLTD.NS,IP RINGS LTD.,IP Rings Limited,1803775616,142.3,INR,180.4
SUPERHOUSE.NS,SUPERHOUSE LIMITED,Superhouse Limited,1797074944,163.0,INR,179.7
SHREYANIND.NS,SHREYANS INDUSTRIES LTD,Shreyans Industries Limited,1793044096,129.7,INR,179.3
UMIYA-MRO.NS,UMIYA BUILDCON LIMITED,MRO-TEK Networks Limited,1780829312,95.31,INR,178.1
ALPHAGEO.NS,ALPHAGEO (INDIA) LIMITED,Alphageo (India) Limited,1735672064,272.7,INR,173.6
BALPHARMA.NS,BAL PHARMA LTD.,Bal Pharma Limited,1734419840,108.94,INR,173.4
BAIDFIN.NS,BAID FINSERV LIMITED,Baid Finserv Limited,1718177408,10.6,INR,171.8
NATCAPSUQ.NS,NATURAL CAPSULES LIMITED,Natural Capsules Limited,1707429248,164.0,INR,170.7
NIRAJ.NS,NIRAJ CEMENT STRUC LTD,Niraj Cement Structurals Limited,1692931456,28.36,INR,169.3
BROOKS.NS,BROOKS LAB LIMITED,Brooks Laboratories Limited,1690846080,57.4,INR,169.1
MURUDCERA.NS,MURUDESHWAR CERAMICS LTD,Murudeshwar Ceramics Ltd.,1692240000,27.95,INR,169.2
AVANCE.NS,AVANCE TECHNOLOGIES LTD.,Avance Technologies Limited,1684629888,0.85,INR,168.5
KANCHI.NS,KANCHI KARPOORAM LTD.,Kanchi Karpooram Limited,1680868736,386.95,INR,168.1
EMMBI.NS,EMMBI INDUSTRIES LIMITED,Emmbi Industries Limited,1677749760,87.2,INR,167.8
MODTHREAD.NS,MODERN THREADS INDIA LTD,Modern Threads (India) Limited,1662252672,47.8,INR,166.2
TEXMOPIPES.NS,TEXMO PIPE & PRODUCTS LTD,Texmo Pipes and Products Limited,1641050880,56.21,INR,164.1
TRIGYN.NS,TRIGYN TECHNOLOGIES LTD,Trigyn Technologies Limited,1655656832,53.78,INR,165.6
METROGLOBL.NS,METROGLOBAL LTD.,MetroGlobal Limited,1628014208,131.99,INR,162.8
PRAENG.NS,PRAJAY ENG. SYN. LTD.,Prajay Engineers Syndicate Limited,1612719360,23.06,INR,161.3
PAR.NS,PAR DRUGS AND CHEM LTD,Par Drugs and Chemicals Limited,1587298048,129.0,INR,158.7
AARTECH.NS,AARTECH SOLONICS LIMITED,Aartech Solonics Limited,1605992448,50.55,INR,160.6
CENTEXT.NS,CENTURY EXTRUSIONS LTD,Century Extrusions Limited,1603544320,18.24,INR,160.4
DELPHIFX.NS,DELPHI WORLD MONEY LTD,Delphi World Money Limited,1596693248,6.51,INR,159.7
INDOUS.NS,INDO US BIOTECH LTD,Indo Us Bio-Tech Limited,1585712256,79.08,INR,158.6
MCL.NS,M TEK COPPER LIMITED,M Tek Copper Limited,1589753728,58.57,INR,159.0
FILATFASH.NS,FILATEX FASHIONS LIMITED,Filatex Fashions Limited,1583473792,0.19,INR,158.3
INCREDIBLE.NS,INCREDIBLE INDUSTRIES LTD,Incredible Industries Limited,1577809024,33.74,INR,157.8
BYKE.NS,THE BYKE HOSPITALITY LTD,The Byke Hospitality Limited,1567333376,29.98,INR,156.7
VIRINCHI.NS,VIRINCHI LIMITED,Virinchi Limited,1566632448,13.9,INR,156.7
SECMARK.NS,SECMARK CONSULTANCY LTD,SecMark Consultancy Limited,1565099392,142.79,INR,156.5
HINDCON.NS,HINDCON CHEMICALS LIMITED,Hindcon Chemicals Limited,1554147328,30.36,INR,155.4
BHARATGEAR.NS,BHARAT GEARS LTD,Bharat Gears Limited,1550553856,100.98,INR,155.1
AMJLAND.NS,AMJ LAND HOLDINGS LIMITED,AMJ Land Holdings Limited,1549390080,37.79,INR,154.9
ISFT.NS,INTRASOFT TECH. LTD,IntraSoft Technologies Limited,1533297792,94.0,INR,153.3
TIPSFILMS.NS,TIPS FILMS LIMITED,Tips Films Limited,1543270272,357.0,INR,154.3
SHBAJRG.NS,SHRI BAJRANG ALLIANCE L,Shri Bajrang Alliance Limited,1503089920,167.01,INR,150.3
ATALREAL.NS,ATAL REALTECH LIMITED,Atal Realtech Limited,1527640704,12.33,INR,152.8
INDTERRAIN.NS,IND TERRAIN FASHIONS LTD,Indian Terrain Fashions Limited,1514954240,29.9,INR,151.5
LAL.NS,LORENZINI APPARELS LTD,Lorenzini Apparels Limited,1507989888,8.73,INR,150.8
SRTL.NS,SHREE RAM TWISTEX LIMITED,Shree Ram Twistex Limited,1502660224,37.59,INR,150.3
RELIABLE.NS,RELIABLE DATA SERVICE LTD,Reliable Data Services Limited,1495264768,144.89,INR,149.5
MKPL.NS,M K PROTEINS LIMITED,M. K. Proteins Limited,1493819776,3.96,INR,149.4
PML.NS,PAUL MERCHANTS LTD.,Paul Merchants Limited,1465362560,475.15,INR,146.5
VIPULLTD.NS,VIPUL LIMITED,Vipul Limited,1484303360,10.53,INR,148.4
TARMAT.NS,TARMAT LIMITED,Tarmat Limited,1471773184,58.72,INR,147.2
MITCON.NS,MITCON CON & ENG SER LTD,MITCON Consultancy & Engineering Services Limited,1471856384,84.5,INR,147.2
MSL.NS,MANGALAM SEEDS LTD.,Mangalam Seeds Limited,1471341184,134.0,INR,147.1
DTIL.NS,DHUNSERI TEA & IND. LTD.,Dhunseri Tea & Industries Limited,1469358592,139.84,INR,146.9
VASWANI.NS,VASWANI IND LTD,Vaswani Industries Limited,1468768640,44.51,INR,146.9
MAHAPEXLTD.NS,MAHA RASHTRA APEX COPR. L,Maha Rashtra Apex Corporation Limited,1465838976,52.01,INR,146.6
RPPL.NS,RAJSHREE POLYPACK LTD,Rajshree Polypack Limited,1447757952,19.5,INR,144.8
GVPTECH.NS,GVP INFOTECH LIMITED,GVP Infotech Limited,1452025088,7.89,INR,145.2
DOLLEX.NS,DOLLEX AGROTECH LIMITED,Dollex Agrotech Limited,1450141440,36.3,INR,145.0
SALONA.NS,SALONA COTSPIN LTD.,Salona Cotspin Limited,1447160064,275.0,INR,144.7
WIPL.NS,THE WESTERN INDIA PLY LTD,The Western India Plywoods Limited,1442083968,169.91,INR,144.2
VIKASECO.NS,VIKAS ECOTECH LIMITED,Vikas Ecotech Limited,1443890176,1.04,INR,144.4
LAMBODHARA.NS,LAMBODHARA TEXTILES LTD.,Lambodhara Textiles Limited,1421627520,136.99,INR,142.2
BRNL.NS,BHARAT ROAD NETWORK LTD,Bharat Road Network Limited,1401125504,16.69,INR,140.1
DCM.NS,DCM LTD,DCM Limited,1400831104,75.0,INR,140.1
BRIGHTBR.NS,BRIGHT BROTHERS LTD.,Bright Brothers Limited,1397337856,246.0,INR,139.7
INDOWIND.NS,INDOWIND ENERGY LTD,Indowind Energy Limited,1394278784,8.66,INR,139.4
ROLLT.NS,ROLLATAINERS LIMITED,Rollatainers Limited,1378216320,5.51,INR,137.8
AIROLAM.NS,AIRO LAM LIMITED,Airo Lam Limited,1377183616,91.8,INR,137.7
KAMOPAINTS.NS,KAMDHENU VENTURES LIMITED,Kamdhenu Ventures Limited,1365350016,4.15,INR,136.5
XELPMOC.NS,XELPMOC DESIGN & TECH LTD,Xelpmoc Design and Tech Limited,1364129792,91.98,INR,136.4
DGCONTENT.NS,DIGICONTENT LIMITED,Digicontent Limited,1352502528,23.31,INR,135.3
ONELIFECAP.NS,ONELIFE CAP ADVISORS LTD,Onelife Capital Advisors Limited,1348695936,36.1,INR,134.9
ISHANCH.NS,ISHAN DYES N CHEMICALS L,Ishan Dyes and Chemicals Limited,1339048832,49.0,INR,133.9
KRITIKA.NS,KRITIKA WIRES LIMITED,Kritika Wires Limited,1336725632,5.02,INR,133.7
VITAL.NS,VITAL CHEMTECH LIMITED,Vital Chemtech Limited,1332160128,55.62,INR,133.2
LAGNAM.NS,LAGNAM SPINTEX LIMITED,Lagnam Spintex Limited,1324998272,74.99,INR,132.5
GSLSU.NS,GLOBAL SURFACES LIMITED,Global Surfaces Limited,1322312704,31.2,INR,132.2
CROWN.NS,CROWN LIFTERS LIMITED,Crown Lifters Limited,1321260032,114.0,INR,132.1
HPIL.NS,HINDPRAKASH INDUSTRY LTD,Hindprakash Industries Limited,1318342272,115.4,INR,131.8
MAGNUM.NS,MAGNUM VENTURES LTD.,Magnum Ventures Limited,1312813312,19.19,INR,131.3
GATECH.NS,GACM TECHNOLOGIES LIMITED,GACM Technologies Limited,1304807936,0.73,INR,130.5
JOCIL.NS,JOCIL LIMITED,Jocil Limited,1303752832,146.8,INR,130.4
MUKTAARTS.NS,MUKTA ARTS LIMITED,Mukta Arts Limited,1298874752,57.51,INR,129.9
BTML.NS,BODHI TREE MULTIMEDIA LTD,Bodhi Tree Multimedia Limited,1291871232,7.11,INR,129.2
SADBHAV.NS,SADBHAV ENGINEERING LTD,Sadbhav Engineering Limited,1276486784,7.44,INR,127.6
AAATECH.NS,AAA TECHNOLOGIES LIMITED,AAA Technologies Limited,1271007616,99.09,INR,127.1
CORALFINAC.NS,CORAL INDIA FIN & HOUS LT,Coral India Finance and Housing Limited,1269923072,31.51,INR,127.0
DEVIT.NS,DEV INFO TECHNOLOGY LTD,Dev Information Technology Limited,1253728512,22.0,INR,125.4
SONAL.NS,SONAL MERCANTILE LTD.,Sonal Mercantile Limited,1252774656,85.0,INR,125.3
KEYFINSERV.NS,KEYNOTE FIN SERV LTD.,Keynote Financial Services Limited,1252493312,225.0,INR,125.2
WHBRADY.NS,W H BRADY & CO. LTD.,W. H. Brady & Company Limited,1252050048,491.0,INR,125.2
KREBSBIO.NS,KREBS BIOCHEMICALS & IND,Krebs Biochemicals & Industries Limited,1250298368,57.99,INR,125.0
ALPA.NS,ALPA LABORATORIES LTD,Alpa Laboratories Limited,1249811712,59.4,INR,125.0
SAMPANN.NS,SAMPANN UTPADAN INDIA LTD,Sampann Utpadan India Limited,1242995200,24.32,INR,124.3
SURANASOL.NS,SURANA SOLAR LIMITED,Surana Solar Limited,1240006400,25.2,INR,124.0
SUPREME.NS,SUPREME HOLDIN N HOSP I L,Supreme Holdings & Hospitality (India) Limited,1231981312,31.75,INR,123.2
BSL.NS,BSL LTD,BSL Limited,1229914112,119.5,INR,123.0
STEELCITY.NS,STEEL CITY SECURITIES LTD,Steel City Securities Limited,1228962176,81.35,INR,122.9
THAKDEV.NS,THAKKERS DEVELOPERS LTD.,Thakkers Developers Limited,1224000000,136.0,INR,122.4
OBCL.NS,OBCL LIMITED,OBCL Limited,1222801792,58.0,INR,122.3
ANIKINDS.NS,ANIK INDUSTRIES LTD,Anik Industries Limited,1219765760,43.95,INR,122.0
BALAXI.NS,BALAXI PHARMA LTD,Balaxi Pharmaceuticals Limited,1217877376,22.06,INR,121.8
HECPROJECT.NS,HEC INFRA PROJECTS LTD,HEC Infra Projects Limited,1213873920,112.0,INR,121.4
RUCHINFRA.NS,RUCHI INFRASTRUCTURE LTD,Ruchi Infrastructure Limited,1203727232,5.1,INR,120.4
LATTEYS.NS,LATTEYS INDUSTRIES LTD,Latteys Industries Limited,1186713728,20.64,INR,118.7
LAHOTIOV.NS,LAHOTI OVERSEAS LTD.,Lahoti Overseas Limited,1186404864,40.67,INR,118.6
VISHWARAJ.NS,VISHWARAJ SUGAR IND LTD,Vishwaraj Sugar Industries Limited,1182804352,5.43,INR,118.3
CHEMCRUX.NS,CHEMCRUX ENTERPRISES LTD.,Chemcrux Enterprises Limited,1169898368,79.0,INR,117.0
URAVIDEF.NS,URAVI DEFENCE &TECH LTD,Uravi Defence and Technology Limited,1174200064,103.0,INR,117.4
OSWALSEEDS.NS,SHREEOSWAL S AND CHE LTD,ShreeOswal Seeds and Chemicals Limited,1155266048,12.63,INR,115.5
BCPL.NS,BCPL RAILWAY INFRA LTD,BCPL Railway Infrastructure Limited,1153763712,68.99,INR,115.4
GANGESSECU.NS,GANGES SECURITIES LIMITED,Ganges Securities Limited,1152224640,115.18,INR,115.2
CFEL.NS,CONFIDENCE FUTURIST ENE L,Confidence Futuristic Energetech Limited,1150919936,46.0,INR,115.1
RTSPOWR.NS,R T S POWER CORPN. LTD.,RTS Power Corporation Limited,1150646784,125.5,INR,115.1
INDBANK.NS,INDBANK MERCH BANK,Indbank Merchant Banking Services Limited,1144957568,25.8,INR,114.5
SAMBHAAV.NS,SAMBHAAV MEDIA LTD,Sambhaav Media Limited,1144753920,5.99,INR,114.5
VLEGOV.NS,VL E GOV AND IT SOL LTD,VL E-Governance & IT Solutions Limited,1136569856,10.48,INR,113.7
AKSHOPTFBR.NS,AKSH OPTIFIBRE  LTD,Aksh Optifibre Limited,1134004864,6.97,INR,113.4
WEIZMANIND.NS,WEIZMANN LTD,Weizmann Limited,1132135808,73.07,INR,113.2
INDIANCARD.NS,INDIAN CARD CLOTHING CO.,The Indian Card Clothing Company Limited,1128812800,190.0,INR,112.9
TOTAL.NS,TOTAL TRANSPORT SYS LTD,Total Transport Systems Limited,1125501568,69.79,INR,112.6
DBSTOCKBRO.NS,DB (INT) STOCK BROKERS,DB (International) Stock Brokers Limited,1102499968,31.5,INR,110.2
VAISHALI.NS,VAISHALI PHARMA LIMITED,Vaishali Pharma Limited,1116755840,8.56,INR,111.7
KOHINOOR.NS,KOHINOOR FOODS LIMITED,Kohinoor Foods Limited,1116594432,30.12,INR,111.7
MAKERSL.NS,MAKERS LABORATORIES LTD.,Makers Laboratories Limited,1115112064,188.99,INR,111.5
REPL.NS,RUDRABHISHEK ENTERP LTD,Rudrabhishek Enterprises Limited,1105472512,61.0,INR,110.5
AMDIND.NS,AMD INDUSTRIES LIMITED,AMD Industries Limited,1100171392,57.4,INR,110.0
GTL.NS,GTL LTD,GTL Limited,1099504512,6.99,INR,110.0
ZENITHEXPO.NS,ZENITH EXPORTS LTD,Zenith Exports Limited,1095438720,203.0,INR,109.5
JETFREIGHT.NS,JET FREIGHT LOGISTICS LTD,Jet Freight Logistics Limited,1094854144,21.5,INR,109.5
OPTIFIN.NS,OPTIMUS FINANCE LTD.,Optimus Finance Limited,1090955776,14.6,INR,109.1
SOMICONVEY.NS,SOMI CONVEYOR BELT. LTD.,Somi Conveyor Beltings Limited,1088141824,89.49,INR,108.8
NORBTEAEXP.NS,NORBEN TEA & EXPORTS LTD,Norben Tea & Exports Limited,1081869312,69.6,INR,108.2
DEEP.NS,DEEP POLYMERS LTD.,Deep Polymers Limited,1077218944,44.55,INR,107.7
VGCL.NS,VIBRANT GLOBAL CAPITAL L,Vibrant Global Capital Limited,1076646912,47.0,INR,107.7
SURYALAXMI.NS,SURYALAKSHMI COT MIL LTD,Suryalakshmi Cotton Mills Limited,1062498880,56.5,INR,106.2
SIL.NS,STANDARD INDUSTRIES LTD.,Standard Industries Limited,1060140928,16.48,INR,106.0
THACKER.NS,THACKER & CO. LTD.,Thacker and Company Limited,1060526016,975.0,INR,106.1
USK.NS,UDAYSHIVAKUMAR INFRA LTD,Udayshivakumar Infra Limited,1075589376,19.43,INR,107.6
LOYALTEX.NS,LOYAL TEXTILE MILLS LTD,Loyal Textile Mills Limited,1059858944,220.05,INR,106.0
SHYAMCENT.NS,SHYAM CENTURY FERROUS LTD,Shyam Century Ferrous Limited,1050256256,4.95,INR,105.0
TICL.NS,TWAMEV CONS AND INFRA LTD,Twamev Construction and Infrastructure Limited,1044699968,6.74,INR,104.5
LANDSMILL.NS,LANDSMILL GREEN LIMITED,Landsmill Green Limited,1043914368,0.74,INR,104.4
GROBTEA.NS,THE GROB TEA COMPANY LTD,The Grob Tea Company Limited,1040285376,895.0,INR,104.0
RAJSREESUG.NS,RAJSHREE SUGAR & CHEMICAL,Rajshree Sugars & Chemicals Limited,1039132608,31.36,INR,103.9
GFSTEELS.NS,GRAND FOUNDRY LTD,Tikona Communication Limited,1036750080,34.07,INR,103.7
LOVABLE.NS,LOVABLE LINGERIE LTD,Lovable Lingerie Limited,1033779968,69.85,INR,103.4
DIGJAMLMTD.NS,DIGJAM LTD,Digjam Limited,1033600000,51.68,INR,103.4
MOTOGENFIN.NS,MOTOR & GENERAL FINANCE L,The Motor & General Finance Limited,1027726976,26.34,INR,102.8
COMPUSOFT.NS,COMPUCOM SOFTWARE LTD,Compucom Software Limited,1025462400,12.96,INR,102.5
FELDVR.NS,FUTURE ENTERPRISES LTD,Future Enterprises Limited,1023211520,2.07,INR,102.3
NAGAFERT.NS,NAGARJUN FERT AND CHE LTD,Nagarjuna Fertilizers and Chemicals Limited,1010729920,1.69,INR,101.1
NAVKARURB.NS,NAVKAR URBANSTRUCTURE LTD,Navkar Urbanstructure Limited,1009881280,0.9,INR,101.0
SUPREMEENG.NS,SUPREME ENGINEERING LTD,Supreme Engineering Limited,999800000,4.0,INR,100.0
AMARJOTHI.NS,AMARJOTHI SPINNING MILL L,Amarjothi Spinning Mills Limited,999000000,148.0,INR,99.9
ARTNIRMAN.NS,ART NIRMAN LIMITED,Art Nirman Limited,996493056,39.93,INR,99.6
NARMADA.NS,NARMADA AGROBASE LIMITED,Narmada Agrobase Limited,994692352,13.11,INR,99.5
SHEKHAWATI.NS,SHEKHAWATI INDUSTRIES LTD,Shekhawati Industries Limited,991012480,28.75,INR,99.1
BEARDSELL.NS,BEARDSELL LIMITED,Beardsell Limited,986713728,25.02,INR,98.7
SUPTANERY.NS,SUPER TANNERY LTD.,Super Tannery Limited,986876544,9.14,INR,98.7
GLOBE.NS,GLOBE ENTERPRISE (I) LTD,Globe Enterprises (India) Limited,981912960,2.18,INR,98.2
SHRIKRISH.NS,SHRI KRISHNA DEVCON LTD.,Shri Krishna Devcon Limited,980000000,35.0,INR,98.0
BHANDARI.NS,BHANDARI HOSIERY EXP LTD,Bhandari Hosiery Exports Limited,978891968,2.94,INR,97.9
CRSL.NS,CRESSANDA RAILWAY SOLUT L,Cressanda Railway Solutions Limited,964769920,2.28,INR,96.5
PIONRINV.NS,PIONEER INVESTCORP LTD.,Pioneer Investcorp Limited,946861888,77.0,INR,94.7
SHERVANI.NS,SHERVANI INDUSTRIAL SYN L,Shervani Industrial Syndicate Limited,944023808,366.9,INR,94.4
BAGFILMS.NS,B.A.G FILMS AND MEDIA LTD,B.A.G. Films and Media Limited,934868608,4.29,INR,93.5
PACIFICI.NS,PACIFIC INDUSTRIES LTD.,Pacific Industries Limited,930507776,135.0,INR,93.1
SADBHIN.NS,SADBHAV INFRA PROJ LTD.,Sadbhav Infrastructure Project Limited,929874624,2.64,INR,93.0
ALKALI.NS,ALKALI METALS LTD,Alkali Metals Limited,928644544,91.2,INR,92.9
MUKESHB.NS,MUKESH BABU FINANC SER L,Mukesh Babu Financial Services Limited,916673344,131.5,INR,91.7
INVENTURE.NS,INVENTURE GRO & SEC LTD,Inventure Growth & Securities Limited,913500032,0.87,INR,91.4
BLBLIMITED.NS,BLB LIMITED,BLB Limited,909811008,17.21,INR,91.0
BVCL.NS,BARAK VALLEY CEM. LTD.,Barak Valley Cements Limited,902355200,40.72,INR,90.2
PALASHSECU.NS,PALASH SECURITIES LTD,Palash Securities Limited,899278912,89.9,INR,89.9
SPLIL.NS,SPL INDUSTRIES LIMITED,SPL Industries Limited,896764096,30.55,INR,89.7
AAKASH.NS,AAKASH EXPLORATION SER L,Aakash Exploration Services Limited,891000000,8.8,INR,89.1
RELCHEMQ.NS,RELIANCE CHEMOTEX IND LTD,Reliance Chemotex Industries Limited,890064960,117.99,INR,89.0
PATINTLOG.NS,PATEL INT. LOG. LTD,Patel Integrated Logistics Limited,888972608,13.85,INR,88.9
PRAXIS.NS,PRAXIS HOME RETAIL LTD,Praxis Home Retail Limited,882608000,4.75,INR,88.3
MINALIND.NS,MINAL INDUSTRIES LTD.,Minal Industries Limited,880824064,4.59,INR,88.1
REGENCERAM.NS,REGENCY CERAMICS LTD.,Regency Ceramics Limited,880504768,33.3,INR,88.1
PARSVNATH.NS,PARSVNATH DEVELOPER LTD,Parsvnath Developers Limited,874714176,2.01,INR,87.5
SHILGRAVQ.NS,SHILP GRAVURES LTD.,Shilp Gravures Limited,871426624,141.7,INR,87.1
LPDC.NS,LANDMARK PR.DEV.CO.LTD,Landmark Property Development Company Limited,865223360,6.45,INR,86.5
RAJMET.NS,RAJNANDINI METAL LIMITED,Rajnandini Metal Limited,862617600,3.12,INR,86.3
DUCON.NS,DUCON INFRATECHNOLOGIES L,Ducon Infratechnologies Limited,856553856,1.49,INR,85.7
HILTON.NS,HILTON METAL FORGING LTD,Hilton Metal Forging Limited,849198080,16.5,INR,84.9
GOYALALUM.NS,GOYAL ALUMINIUMS LIMITED,Goyal Aluminiums Limited,847832768,5.94,INR,84.8
TFL.NS,TRANSWARRANTY FIN. LTD.,Transwarranty Finance Limited,841899904,11.75,INR,84.2
KAKATCEM.NS,KAKATIYA CEM SUGAR &IND L,Kakatiya Cement Sugar and Industries Limited,834912384,107.4,INR,83.5
SELMC.NS,SEL MANUFACTURING CO LTD,SEL Manufacturing Company Limited,832467008,25.09,INR,83.2
ADDIND.NS,ADDI INDUSTRIES LTD.,Addi Industries Limited,831336192,77.0,INR,83.1
SMLT.NS,SARTHAK METALS LIMITED,Sarthak Metals Limited,829188160,60.57,INR,82.9
MOKSH.NS,MOKSH ORNAMENTS LIMITED,Moksh Ornaments Limited,825764800,9.86,INR,82.6
HISARMETAL.NS,HISAR METAL IND. LIMITED,Hisar Metal Industries Limited,826200000,153.0,INR,82.6
ABAN.NS,ABAN OFFSHORE LTD.,Aban Offshore Limited,824118400,14.12,INR,82.4
BANARBEADS.NS,BANARAS BEADS LTD,Banaras Beads Limited,811495232,123.0,INR,81.1
RSSOFTWARE.NS,R. S. SOFTWARE (INDIA) LI,R S Software (India) Limited,800767552,31.0,INR,80.1
TERAI.NS,TERAI TEA CO. LTD.,Terai Tea Company Limited,797998784,116.0,INR,79.8
CTE.NS,CAMBRIDGE TECH ENTER LTD,Cambridge Technology Enterprises Limited,795249408,41.31,INR,79.5
CINEVISTA.NS,CINEVISTA LIMITED,Cinevista Limited,813874880,14.17,INR,81.4
BANKA.NS,BANKA BIOLOO LIMITED,Banka BioLoo Limited,791876352,72.5,INR,79.2
ORIENTLTD.NS,ORIENT PRESS LIMITED,Orient Press Limited,791000000,79.1,INR,79.1
RHFL.NS,RELIANCE HOME FINANCE LTD,Reliance Home Finance Limited,785593216,1.61,INR,78.6
DHARAN.NS,DHARAN INFRA-EPC LIMITED,Dharan Infra-EPC Limited,784313792,0.15,INR,78.4
SEMAC.NS,SEMAC CONSTRUCTION LTD,Semac Construction Limited,782288448,250.95,INR,78.2
ANMOL.NS,ANMOL INDIA LIMITED,Anmol India Limited,776878144,13.65,INR,77.7
FIBERWEB.NS,FIBERWEB INDIA LIMITED,Fiberweb (India) Limited,775072832,26.92,INR,77.5
CGVAK.NS,C G V A K SOFTWARE & EX L,CG-VAK Software and Exports Limited,772680576,153.0,INR,77.3
NIBL.NS,NRB INDUS. BEARINGS LTD.,NRB Industrial Bearings Limited,770534656,31.8,INR,77.1
JHS.NS,JHS SVEND. LAB. LTD,JHS Svendgaard Laboratories Limited,758682112,8.68,INR,75.9
ADROITINFO.NS,ADROIT INFOTECH LIMITED,Adroit Infotech Limited,751142144,13.75,INR,75.1
ZENITHSTL.NS,ZENITH STEEL PIP IND LTD,Zenith Steel Pipes & Industries Limited,742703936,5.22,INR,74.3
CURAA.NS,CURA TECHNOLOGIES LIMITED,Cura Technologies Limited,742499968,75.0,INR,74.2
ICDSLTD.NS,ICDSLTD,ICDS Limited,742391680,56.99,INR,74.2
KHAITANLTD.NS,KHAITAN (INDIA)LTD.,Khaitan (India) Limited,733003840,145.99,INR,73.3
UMAEXPORTS.NS,UMA EXPORTS LIMITED,Uma Exports Limited,731644736,21.64,INR,73.2
NOIDATOLL.NS,NOIDA TOLL BRIDGE CO LTD,Noida Toll Bridge Company Limited,718712704,3.86,INR,71.9
NAGREEKEXP.NS,NAGREEKA EXPORTS LTD.,Nagreeka Exports Limited,714357888,22.86,INR,71.4
KSR.NS,KSR FOOTWEAR LIMITED,KSR Footwear Limited,707200128,38.48,INR,70.7
KSHITIJPOL.NS,KSHITIJ POLYLINE LIMITED,Kshitij Polyline Limited,704899136,4.57,INR,70.5
ENERGYDEV.NS,ENERGY DEVE. CO.LTD,Energy Development Company Limited,703475008,14.81,INR,70.3
DIGIDRIVE.NS,DIGIDRIVE DISTRIBUTORS L,Digidrive Distributors Limited,705682688,18.3,INR,70.6
HDIL.NS,HOUSING DEV & INFRA LTD,Housing Development and Infrastructure Limited,696785920,1.47,INR,69.7
PARASPETRO.NS,PARAS PETROFILS LTD.,Paras Petrofils Limited,685153024,2.05,INR,68.5
NGIL.NS,NAKODA GROUP OF IND. LTD,Nakoda Group of Industries Limited,685737792,39.1,INR,68.6
TOKYOPLAST.NS,TOKYO PLAST INTL LTD,Tokyo Plast International Limited,684100800,72.0,INR,68.4
LCCINFOTEC.NS,LCC INFOTECH LTD,LCC Infotech Limited,677745216,4.02,INR,67.8
BONLON.NS,BONLON INDUSTRIES LIMITED,Bonlon Industries Limited,675977344,41.26,INR,67.6
PIONEEREMB.NS,PIONEER EMBROIDERIES LTD,Pioneer Embroideries Limited,673009280,21.84,INR,67.3
APOORVA.NS,APOORVA LEAS F & INV C L,Apoorva Leasing Finance and Investment Company Limited,669159168,33.5,INR,66.9
ANSALBU.NS,ANSAL BUILDWELL LTD.,Ansal Buildwell Limited,664545856,90.0,INR,66.5
VINEETLAB.NS,VINEET LABORATORIES LTD,Vineet Laboratories Limited,663192320,34.53,INR,66.3
HBPOR.NS,HB PORTFOLIO LTD.,HB Portfolio Limited,662000128,61.5,INR,66.2
ODIGMA.NS,ODIGMA CONSULTANCY SOL L,Odigma Consultancy Solutions Limited,657990336,21.05,INR,65.8
TOUCHWOOD.NS,TOUCHWOOD ENTERTAIN LTD.,Touchwood Entertainment Limited,656009792,59.2,INR,65.6
AKI.NS,AKI INDIA LIMITED,AKI India Limited,650197504,6.3,INR,65.0
GRADIENTE.NS,GRADIENTE INFOTAINMENT L,Gradiente Infotainment Limited,648180032,1.95,INR,64.8
IL&FSTRANS.NS,IL&FS TRANS NET LTD,IL&FS Transportation Networks Limited,641472064,1.95,INR,64.1
PRAKASHSTL.NS,PRAKASH STEELAGE LTD,Prakash Steelage Limited,637001408,3.64,INR,63.7
ATAM.NS,ATAM VALVES LIMITED,Atam Valves Limited,633330752,55.25,INR,63.3
GATECHDVR.NS,GACM TECHNOLOGIES LIMITED,GACM Technologies Limited,633280000,0.49,INR,63.3
ACCURACY.NS,ACCURACY SHIPPING LIMITED,Accuracy Shipping Limited,632352000,4.2,INR,63.2
ROML.NS,RAJ OIL MILLS LIMITED,Raj Oil Mills Limited,629824512,42.02,INR,63.0
ANSALAPI.NS,ANSAL PROP & INFRA LTD,Ansal Properties & Infrastructure Limited,629619520,4.0,INR,63.0
GENSOL.NS,GENSOL ENGINEERING LTD,Gensol Engineering Limited,625906880,16.28,INR,62.6
ODYCORP.NS,ODYSSEY CORPORATION LTD.,Odyssey Corporation Limited,622014464,6.95,INR,62.2
CAPTRUST.NS,CAPITAL TRUST LIMITED,Capital Trust Limited,619921408,18.3,INR,62.0
DELTAMAGNT.NS,DELTA MANUFACTURING LTD,Delta Manufacturing Limited,607662720,56.0,INR,60.8
HRYNSHP.NS,HARIYANA SHIP BREAKERS L,Hariyana Ship Breakers Limited,595206656,96.52,INR,59.5
ATLASCYCLE.NS,ATLAS CYCLE (HARYANA) LTD,Atlas Cycles (Haryana) Limited,604791872,92.99,INR,60.5
MANUGRAPH.NS,MANUGRAPH INDIA LIMITED,Manugraph India Limited,590081344,18.83,INR,59.0
RAJTV.NS,RAJ TV NETWORK LTD,Raj Television Network Limited,586101632,11.29,INR,58.6
RKEC.NS,RKEC PROJECTS LIMITED,RKEC Projects Limited,572655616,23.87,INR,57.3
SGLRES.NS,SGL RESOURCES LIMITED,SGL Resources Limited,571093952,2.28,INR,57.1
SECURKLOUD.NS,SECUREKLOUD TECH LIMITED,SecureKloud Technologies Limited,567646144,16.99,INR,56.8
AGRITECH.NS,AGRI-TECH (INDIA) LIMITED,Agri-tech (India) Limited,565488000,95.2,INR,56.5
MALUPAPER.NS,MALU PAPER MILLS LIMITED,Malu Paper Mills Limited,565125440,32.34,INR,56.5
PALREDTEC.NS,PALRED TECHNOLOGIES LTD,Palred Technologies Limited,563309632,46.05,INR,56.3
IMPEXFERRO.NS,IMPEX FERRO TECH LIMITED,Impex Ferro Tech Limited,559330112,6.26,INR,55.9
TPHQ.NS,TEAMO PRODUCTIONS HQ LTD,Teamo Productions HQ Limited,570034176,0.52,INR,57.0
LADDERUP.NS,LADDERUP FINANCE LTD.,Ladderup Finance Limited,551328832,52.0,INR,55.1
AJOONI.NS,AJOONI BIOTECH LIMITED,Ajooni Biotech Limited,551179520,3.2,INR,55.1
BALKRISHNA.NS,BALKRISHNA PAPER MILLS L,Balkrishna Paper Mills Limited,544510080,16.9,INR,54.5
TNTELE.NS,TAMILNADU TELECOMMUNICATI,Tamilnadu Telecommunications Limited,543032960,11.89,INR,54.3
VEDAVAAG.NS,VEDAVAAG SYSTEMS LTD.,Vedavaag Systems Limited,539207296,22.98,INR,53.9
SUNDARAM.NS,SUNDARAM MULTI PAP LTD,Sundaram Multi Pap Limited,535481856,1.13,INR,53.5
FMNL.NS,FUTURE MKT NETWORKS LTD,Future Market Networks Limited,524089184,7.85,INR,52.4
BIOFILCHEM.NS,BIOFIL CHEM & PHARMA LTD,Biofil Chemicals and Pharmaceuticals Limited,523365408,32.16,INR,52.3
HYBRIDFIN.NS,HYBRID FINANCIAL SERVICE,Hybrid Financial Services Limited,523082624,17.77,INR,52.3
HGM.NS,HANDSON GBL MNGMNT LTD,Handson Global Management (HGM) Limited,528736928,41.98,INR,52.9
SHIVAMILLS.NS,SHIVA MILLS LIMITED,Shiva Mills Limited,520236864,60.2,INR,52.0
TRU.NS,TRUCAP FINANCE LIMITED,TruCap Finance Limited,505162944,4.25,INR,50.5
COUNCODOS.NS,COUNTRY CONDO S LIMITED,Country Condo's Limited,504382432,6.5,INR,50.4
AHLADA.NS,AHLADA ENGINEERS LIMITED,Ahlada Engineers Limited,498492192,38.58,INR,49.8
MANGALAM.NS,MANGALAM DRUG & CHEM LTD,Mangalam Drugs & Organics Limited,495424160,31.3,INR,49.5
MOHITE.NS,MOHITE INDUSTRIES LTD.,Mohite Industries Limited,494452608,2.46,INR,49.4
WEWIN.NS,WE WIN LIMITED,We Win Limited,487728000,48.0,INR,48.8
AGROPHOS.NS,AGRO PHOS INDIA LIMITED,Agro Phos (India) Limited,480496576,23.7,INR,48.0
JAIPURKURT.NS,NANDANI CREATION LIMITED,Nandani Creation Limited,477267840,25.0,INR,47.7
PHOENXINTL.NS,PHOENIX INTERNATIONAL LTD,Phoenix International Limited,496970976,29.6,INR,49.7
GANGAFORGE.NS,GANGA FORGING LIMITED,Ganga Forging Limited,471807776,1.4,INR,47.2
SUVIDHAA.NS,SUVIDHAA INFOSERVE LTD,Suvidhaa Infoserve Limited,470240416,2.21,INR,47.0
ORCHASP.NS,ORCHASP LIMITED,Orchasp Limited,467674272,1.35,INR,46.8
DANGEE.NS,DANGEE DUMS LIMITED,Dangee Dums Limited,463464768,3.01,INR,46.3
TOYAMSL.NS,TOYAM SPORTS LTD.,Toyam Sports Limited,462252000,0.8,INR,46.2
HAVISHA.NS,SRI HAVISHA HOSP & INFR L,Sri Havisha Hospitality and Infrastructure Limited,451979264,1.49,INR,45.2
KARMAENG.NS,KARMA ENERGY LIMITED,Karma Energy Limited,451342496,39.01,INR,45.1
PRITI.NS,PRITI INTERNATIONAL LTD,Priti International Limited,451208992,33.79,INR,45.1
VIVIMEDLAB.NS,VIVIMED LABS LIMITED,Vivimed Labs Limited,451051680,5.44,INR,45.1
GAYAHWS.NS,GAYATRI HIGHWAYS LIMITED,Gayatri Highways Limited,440959520,1.84,INR,44.1
CLCIND.NS,CLC INDUSTRIES LIMITED,CLC Industries Limited,447387040,43.04,INR,44.7
DHATRE.NS,DHATRE UDYOG LTD.,Dhatre Udyog Limited,446713408,4.1,INR,44.7
PRUDMOULI.NS,PRUDENTIAL SUGAR CORPORAT,Prudential Sugar Corporation Ltd.,445077600,13.8,INR,44.5
RKDL.NS,RAVI KUMAR DIST. LTD.,Ravi Kumar Distilleries Limited,443279968,18.47,INR,44.3
SUPERSPIN.NS,SUPER SPINNING MILLS LTD,Super Spinning Mills Limited,442606368,7.9,INR,44.3
BANG.NS,BANG OVERSEAS LTD.,Bang Overseas Limited,438665984,32.35,INR,43.9
GOLDENTOBC.NS,GOLDEN TOBACCO LIMITED,Golden Tobacco Limited,433352256,24.51,INR,43.3
LEENEE.NS,LEE & NEE SOFTWARES (E) L,Lee & Nee Softwares (Exports) Ltd.,432806240,7.76,INR,43.3
VINNY.NS,VINNY OVERSEAS LIMITED,Vinny Overseas Limited,432679360,0.93,INR,43.3
MASKINVEST.NS,MASK INVESTMENTS LIMITED,Mask Investments Limited,427972864,140.25,INR,42.8
AMBICAAGAR.NS,AMBICA AGAR & AROMAINDLTD,Ambica Agarbathies Aroma & Industries Limited,427717248,24.9,INR,42.8
PBMPOLY.NS,P B M POLYTEX LTD.,PBM Polytex Limited,426499232,62.0,INR,42.6
ABMINTLLTD.NS,ABM INTERNATIONAL LTD,ABM International Limited,425241600,45.2,INR,42.5
CELEBRITY.NS,CELEBRITY FASHIONS LTD,Celebrity Fashions Limited,423437120,6.56,INR,42.3
AKASH.NS,AKASH INFRA-PROJECTS LTD,Akash Infra-Projects Limited,421563360,25.0,INR,42.2
21STCENMGM.NS,21ST CENTURY MGMT SERVICE,Twentyfirst Century Management Services Limited,418950016,39.9,INR,41.9
BLUECOAST.NS,BLUE COAST HOTELS LIMITED,Blue Coast Hotels Limited,418190560,21.25,INR,41.8
DHRUV.NS,DHRUV CONSULTANCY SER LTD,Dhruv Consultancy Services Limited,413471168,21.8,INR,41.3
ARCHIES.NS,ARCHIES LTD,Archies Limited,412116000,12.2,INR,41.2
SEYAIND.NS,SEYA INDUSTRIES LIMITED,Seya Industries Limited,407343136,13.65,INR,40.7
SVPGLOB.NS,SVP GLOBAL TEXTILES LTD,SVP Global Textiles Limited,407330016,3.22,INR,40.7
SIEL.NS,SUPERIOR INDUSTRIAL ENT L,Superior Industrial Enterprises Limited,402342496,29.05,INR,40.2
CYBERMEDIA.NS,CYBER MEDIA (INDIA) LTD.,Cyber Media (India) Limited,399514048,19.18,INR,40.0
ASHOKAMET.NS,ASHOKA METCAST LIMITED,Ashoka Metcast Limited,396686528,15.87,INR,39.7
HBSL.NS,HB STOCKHOLDINGS LIMITED,HB Stockholdings Limited,396140416,55.5,INR,39.6
SAGARDEEP.NS,SAGARDEEP ALLOYS LIMITED,Sagardeep Alloys Limited,394025952,23.1,INR,39.4
LFIC.NS,LAKSHMI FIN IND CORP LTD,Lakshmi Finance & Industrial Corporation Limited,390000000,130.0,INR,39.0
ADL.NS,ARCHIDPLY DECOR LIMITED,Archidply Decor Limited,388579904,69.81,INR,38.9
SHIVAAGRO.NS,SHIVA GLOBAL AGRO INDS. L,Shiva Global Agro Industries Limited,377735392,37.8,INR,37.8
OSIAHYPER.NS,OSIA HYPER RETAIL LIMITED,Osia Hyper Retail Limited,376874240,2.29,INR,37.7
VIVOBIOT.NS,VIVO BIO TECH LTD.,Vivo Bio Tech Limited,374799680,16.89,INR,37.5
EASTSILK.NS,EASTERN SILK INDUSTRIES L,Eastern Silk Industries Limited,370000000,74.0,INR,37.0
ORIENTALTL.NS,ORIENTAL TRIMEX LTD,Oriental Trimex Limited,363125888,4.94,INR,36.3
SUMEDHA.NS,SUMEDHA FISCAL SERVICES L,Sumedha Fiscal Services Limited,358500640,44.9,INR,35.9
NKIND.NS,NK INDUSTRIES LTD,N.K. Industries Limited,356988064,59.4,INR,35.7
AROGRANITE.NS,ARO GRANITE IND. LTD.,Aro Granite Industries Limited,356796000,23.32,INR,35.7
NAGREEKCAP.NS,NAGREEKA CAP & INFR.LTD,Nagreeka Capital & Infrastructure Ltd.,351209952,27.84,INR,35.1
GKB.NS,GKB OPHTHALMICS LTD.,GKB Ophthalmics Limited,342658656,67.98,INR,34.3
AKSHAR.NS,AKSHAR SPINTEX LIMITED,Akshar Spintex Limited,330736736,0.42,INR,33.1
BOHRAIND.NS,BOHRA INDUSTRIES LIMITED,Bohra Industries Limited,328168352,15.5,INR,32.8
MOHITIND.NS,MOHIT INDUSTRIES LTD,Mohit Industries Limited,325624224,23.0,INR,32.6
SITINET.NS,SITI NETWORKS LIMITED,SITI Networks Limited,323367008,0.28,INR,32.3
AGSTRA.NS,AGS TRANSACT TECH LTD,AGS Transact Technologies Limited,322827104,2.52,INR,32.3
MITTAL.NS,MITTAL LIFE STYLE LIMITED,Mittal Life Style Limited,324047584,0.73,INR,32.4
LIBAS.NS,LIBAS CONSU PRODUCTS LTD,Libas Consumer Products Limited,318769440,12.1,INR,31.9
MEDICAPQ.NS,MEDI CAPS LTD.,Medi-Caps Limited,312746496,25.08,INR,31.3
MADHAV.NS,MADHAV MARBLE & GRANITE,Madhav Marbles and Granites Limited,311534528,34.82,INR,31.2
AKG.NS,AKG EXIM LIMITED,AKG Exim Limited,305690656,9.62,INR,30.6
CEREBRAINT.NS,CEREBRA INT TECH LTD,Cerebra Integrated Technologies Limited,303483360,2.71,INR,30.3
MADHUCON.NS,MADHUCON PROJECTS LTD.,Madhucon Projects Limited,301821344,4.09,INR,30.2
EASTWEST.NS,EAST WEST FREIGHT CARRI L,East West Freight Carriers Limited,299801248,2.35,INR,30.0
PEARLPOLY.NS,PEARL POLYMERS LTD,Pearl Polymers Limited,298820032,17.75,INR,29.9
DNAMEDIA.NS,DILIGENT MEDIA CORP LTD.,Diligent Media Corporation Limited,296624192,2.52,INR,29.7
KEEPLEARN.NS,DSJ KEEP LEARNING LTD,DSJ Keep Learning Limited,295852960,1.9,INR,29.6
MORARJEE.NS,MORARJEE TEXTILES LIMITED,Morarjee Textiles Limited,290053568,8.33,INR,29.0
KJMCFIN.NS,K J M C FINANCIAL SERV L,KJMC Financial Services Limited,287383680,60.05,INR,28.7
KAUSHALYA.NS,KAUSHALYA INFRA DEV LTD.,Kaushalya Infrastructure Development Corporation Limited,280577120,810.2,INR,28.1
LASA.NS,LASA SUPERGENERICS LTD,Lasa Supergenerics Limited,280566944,5.6,INR,28.1
GTECJAINX.NS,G-TEC JAINX EDUCATION LTD,G-Tec Jainx Education Limited,280200192,27.5,INR,28.0
TGBHOTELS.NS,TGB BANQUETS&HOTELS LTD,TGB Banquets and Hotels Limited,277927936,9.49,INR,27.8
SANWARIA.NS,SANWARIA CONSUMER LIMITED,Sanwaria Consumer Limited,277453088,0.2,INR,27.7
SIMBHALS.NS,SIMBHAOLI SUGARS LTD.,Simbhaoli Sugars Limited,271627584,6.4,INR,27.2
KHANDSE.NS,KHANDWALA SECURITIES LTD,Khandwala Securities Limited,271517728,17.8,INR,27.2
ANKITMETAL.NS,ANKIT MET & POW LTD,Ankit Metal & Power Limited,269521056,1.91,INR,27.0
GSS.NS,GSS INFOTECH LIMITED,GSS Infotech Limited,267358896,10.36,INR,26.7
KANANIIND.NS,KANANI INDUSTRIES LTD,Kanani Industries Limited,267121808,1.35,INR,26.7
INFOMEDIA.NS,INFOMEDIA PRESS LIMITED,Infomedia Press Limited,262515520,5.23,INR,26.3
TREEHOUSE.NS,TREE HOUSE EDU LTD,Tree House Education & Accessories Limited,253864352,6.0,INR,25.4
BURNPUR.NS,BURNPUR CEMENT LIMITED,Burnpur Cement Limited,258373088,15.0,INR,25.8
WILLAMAGOR.NS,WILLIAMSON MAGOR,Williamson Magor & Co. Limited,251558016,22.96,INR,25.2
LEXUS.NS,LEXUS GRANITO (INDIA) LTD,Lexus Granito (India) Limited,248749712,12.32,INR,24.9
KAMANWALA.NS,KAMANWALA HOUSING CONST L,Kamanwala Housing Construction Limited,246630304,17.5,INR,24.7
DSKULKARNI.NS,DS KULKARNI DEVELOPERS L,D S Kulkarni Developers Limited,245700000,24.57,INR,24.6
NEXTMEDIA.NS,NEXT MEDIAWORKS LIMITED,Next Mediaworks Limited,244159120,3.65,INR,24.4
VCL.NS,VAXTEX COTFAB LIMITED,Vaxtex Cotfab Limited,242552944,1.32,INR,24.3
PNC.NS,PNC MEDIA AND ENT LTD,PNC Media and Entertainment Limited,241454240,16.69,INR,24.1
TARAPUR.NS,TARAPUR TRANSFORMERS LTD,Tarapur Transformers Limited,234000144,12.0,INR,23.4
FLFL.NS,FUT LIFESTYLE FASH LTD,Future Lifestyle Fashions Limited,230023360,1.14,INR,23.0
CRESTO.NS,CRESTO TECHNO LIMITED,Cresto Techno Limited,229958480,22.52,INR,23.0
ASIANTNE.NS,ASIAN TEA & EXPORTS LTD.,Asian Tea & Exports Limited,229464560,9.2,INR,22.9
LAXMICOT.NS,LAXMI COTSPIN LIMITED,Laxmi Cotspin Limited,224634480,13.1,INR,22.5
SKIL.NS,SKIL INFRASTRUCTURE LTD.,SKIL Infrastructure Limited,210074096,0.97,INR,21.0
STLSTRINF.NS,STEEL STRIPS INFRA L,Steel Strips Infrastructures Limited,202159760,23.39,INR,20.2
KRIDHANINF.NS,KRIDHAN INFRA LIMITED,Kridhan Infra Limited,201958368,1.81,INR,20.2
TIJARIA.NS,TIJARIA POLYPIPES LTD,Tijaria Polypipes Limited,201365328,6.94,INR,20.1
ARSHIYA.NS,ARSHIYA LIMITED,Arshiya Limited,200241696,0.76,INR,20.0
MPDL.NS,MPDL LTD.,MPDL Limited,197543760,26.65,INR,19.8
RETAIL.NS,JHS SVENDGAARD RETAIL V L,JHS Svendgaard Retail Ventures Limited,197484720,24.07,INR,19.7
MFML.NS,MAHALAXMI FABRIC MILLS LT,Mahalaxmi Fabric Mills Limited,194244832,18.29,INR,19.4
TCIFINANCE.NS,TCI FINANCE LTD,TCI Finance Limited,190512896,14.8,INR,19.1
NIRAJISPAT.NS,NIRAJ ISPAT IND LTD,Niraj Ispat Industries Limited,181140000,301.9,INR,18.1
FEL.NS,FUTURE ENTERPRISES LTD,Future Enterprises Limited,177949840,0.36,INR,17.8
ACEINTEG.NS,ACE INTEGRATED SOLU. LTD.,Ace Integrated Solutions Limited,177888000,17.44,INR,17.8
SHRENIK.NS,SHRENIK LIMITED,Shrenik Limited,177480000,0.29,INR,17.7
TECILCHEM.NS,TECIL CHEMICALS,Tecil Chemicals and Hydro Power Ltd.,177120960,9.34,INR,17.7
RADAAN.NS,RADAAN MEDIAWORKS (I) LTD,Radaan Mediaworks India Limited,162484624,3.0,INR,16.2
VIVIDHA.NS,VISAGAR POLYTEX LTD,Visagar Polytex Limited,155131280,0.53,INR,15.5
EUROTEXIND.NS,EUROTEX INDUSTRIES LTD,Eurotex Industries and Exports Limited,151892048,12.92,INR,15.2
HEADSUP.NS,HEADS UP VENTURES LIMITED,Heads UP Ventures Limited,147070160,6.66,INR,14.7
BILVYAPAR.NS,BIL VYAPAR LIMITED,BIL Vyapar Limited,143970752,4.59,INR,14.4
ASTRON.NS,ASTRON PAPER BORD MIL LTD,Astron Paper & Board Mill Limited,140841648,2.98,INR,14.1
GLFL.NS,GUJARAT LEASE FINANCING L,Gujarat Lease Financing Limited,138341408,5.1,INR,13.8
AURUS.NS,AURUS GEM CORP LIMITED,Aurus Gem Corporation Limited,137100608,4.65,INR,13.7
UNIVAFOODS.NS,UNIVA FOODS LIMITED,Univa Foods Limited,135780144,9.48,INR,13.6
SHYAMTEL.NS,SHYAM TELECOM LIMITED,Shyam Telecom Limited,128544528,11.23,INR,12.9
ORTINGLOBE.NS,ORTIN GLOBAL LIMITED,Ortin Global Limited,123597160,15.2,INR,12.4
CREATIVEYE.NS,CREATIVE EYE LIMITED,Creative Eye Limited,123558816,6.16,INR,12.4
MEP.NS,MEP INFRA. DEVELOPERS LTD,MEP Infrastructure Developers Limited,122908856,0.67,INR,12.3
UMESLTD.NS,USHA MARTIN EDU & SOL LTD,Usha Martin Education & Solutions Limited,121892960,4.56,INR,12.2
MTEDUCARE.NS,MT EDUCARE LTD,MT Educare Limited,120620848,1.67,INR,12.1
TVVISION.NS,TV VISION LIMITED,TV Vision Limited,118558168,3.06,INR,11.9
UNIINFO.NS,UNIINFO TELECOM SERVI LTD,Uniinfo Telecom Services Limited,117624320,11.0,INR,11.8
LAKPRE.NS,LAKSHMI PRE SCRE LTD,Lakshmi Precision Screws Limited,115725896,5.09,INR,11.6
GLOBALE.NS,GLOBALE TESSILE LIMITED,Globale Tessile Limited,115229984,10.85,INR,11.5
DCMFINSERV.NS,DCM FINANCIAL SERVICES LT,DCM Financial Services Limited,108855264,4.92,INR,10.9
EDUCOMP.NS,EDUCOMP SOLUTIONS LTD,Educomp Solutions Limited,110220448,0.9,INR,11.0
ANTGRAPHIC.NS,ANTARCTICA LTD,Antarctica Limited,108506720,0.7,INR,10.9
BLUECHIP.NS,BLUE CHIP INDIA LIMITED,Blue Chip India Limited,109502592,1.98,INR,11.0
ARENTERP.NS,RAJDARSHAN INDUSTRIES LTD,Rajdarshan Industries Limited,108657056,33.6,INR,10.9
